industry,theme,isin_code,name,rank,description,evidence,evidenceSources,conid,currency,symbol,exchange,assetType,navigable,theme_id
health,cardiovascular_disease,IE00BTN1Y115,MEDTRONIC PLC,1,"Proporciona una cartera integral de tecnologías y terapias médicas esenciales para el diagnóstico, tratamiento y manejo de diversas enfermedades cardiovasculares.","Medtronic tiene un enfoque significativo en las enfermedades cardiovasculares, como lo demuestra su amplia cartera de productos y terapias relacionadas, que incluyen marcapasos, monitores cardíacos, desfibriladores, cables, stents y tecnologías de reemplazo de válvulas cardíacas. Los productos cardiovasculares de la empresa, que también incluyen tratamientos para trastornos del ritmo cardíaco, se consideran productos principales. El crecimiento cardiovascular de Medtronic se aceleró en un 8%, impulsado por Cardiac Ablation Solutions, Structural Heart y Cardiac Surgery, y la empresa está preparada para cambiar el estándar de atención para la presión arterial alta no controlada con su procedimiento Symplicity para la presión arterial.","[{'name': 'mdt-Q225-10-Q', 'url': 'https://storage.googleapis.com/reflexivity-documents-prod/edgar/filing/10-q/mdt-Q225-10-Q.html'}, {'name': 'mdt-Q125-10-Q', 'url': 'https://storage.googleapis.com/reflexivity-documents-prod/edgar/filing/10-q/mdt-Q125-10-Q.html'}, {'name': 'mdt-Q325-10-Q', 'url': 'https://storage.googleapis.com/reflexivity-documents-prod/edgar/filing/10-q/mdt-Q325-10-Q.html'}, {'name': 'mdt-FY25-10-K', 'url': 'https://storage.googleapis.com/reflexivity-documents-prod/edgar/filing/10-k/mdt-FY25-10-K.html'}]",181387075,USD,MDT,SMART,STK,True,CAR
health,cardiovascular_disease,US0028241000,ABBOTT LABORATORIES .,2,"Impulsa la innovación y proporciona una amplia gama de tecnologías y soluciones médicas para el diagnóstico, tratamiento y manejo de enfermedades cardiovasculares.","La participación de Abbott en el tema de Enfermedades Cardiovasculares es evidente a través de su sólido segmento de Dispositivos Médicos, que incluye dispositivos para el corazón estructural, intervenciones vasculares y dispositivos de manejo del ritmo. El enfoque de la empresa se ve subrayado por el crecimiento en insuficiencia cardíaca, corazón estructural, electrofisiología y manejo del ritmo cardíaco, con productos específicos como Navitor®, MitraClip®, TriClip® y Amplatzer® Amulet® impulsando las ventas. Demostrando aún más su compromiso, Abbott adquirió Cardiovascular Systems, Inc. (CSI) para mejorar su oferta de dispositivos vasculares y continúa innovando con productos como el sistema de marcapasos sin cables de doble cámara Aveir® y el sistema de Ablación por Campo Pulsado (PFA) Volt™.","[{'name': 'abt-Q324-10-Q', 'url': 'https://storage.googleapis.com/reflexivity-documents-prod/edgar/filing/10-q/abt-Q324-10-Q.html'}, {'name': 'abt-FY24-10-K', 'url': 'https://storage.googleapis.com/reflexivity-documents-prod/edgar/filing/10-k/abt-FY24-10-K.html'}, {'name': 'abt-Q125-10-Q', 'url': 'https://storage.googleapis.com/reflexivity-documents-prod/edgar/filing/10-q/abt-Q125-10-Q.html'}, {'name': 'abt-Q225-10-Q', 'url': 'https://storage.googleapis.com/reflexivity-documents-prod/edgar/filing/10-q/abt-Q225-10-Q.html'}]",4065,USD,ABT,SMART,STK,True,CAR
health,cardiovascular_disease,US4781601046,JOHNSON & JOHNSON,3,Ayuda en el desarrollo y la entrega de intervenciones para Enfermedades Cardiovasculares.,"Johnson & Johnson demuestra una presencia significativa en el espacio de Enfermedades Cardiovasculares, respaldada por su liderazgo en recuperación cardíaca, restauración circulatoria y electrofisiología. Esto es evidente en el segmento MedTech de la empresa, que incluye una amplia cartera de productos cardiovasculares, y en el segmento Innovative Medicine, que se centra en cardiovascular y metabolismo como áreas terapéuticas clave. La franquicia cardiovascular de la empresa ha mostrado un crecimiento sustancial, impulsado por productos como Impella de Abiomed y la adquisición de Shockwave Medical, y la franquicia ha logrado un notable crecimiento de las ventas operativas. Además, Johnson & Johnson está avanzando activamente en soluciones cardiovasculares, incluido el Catéter Dual Energy THERMOCOOL SMARTTOUCH SF, y está buscando aprobaciones regulatorias para tecnologías innovadoras.","[{'name': 'jnj-Q225-10-Q', 'url': 'https://storage.googleapis.com/reflexivity-documents-prod/edgar/filing/10-q/jnj-Q225-10-Q.html'}, {'name': 'jnj-Q324-10-Q', 'url': 'https://storage.googleapis.com/reflexivity-documents-prod/edgar/filing/10-q/jnj-Q324-10-Q.html'}, {'name': 'jnj-Q125-10-Q', 'url': 'https://storage.googleapis.com/reflexivity-documents-prod/edgar/filing/10-q/jnj-Q125-10-Q.html'}, {'name': 'jnj-FY24-10-K', 'url': 'https://storage.googleapis.com/reflexivity-documents-prod/edgar/filing/10-k/jnj-FY24-10-K.html'}]",8719,USD,JNJ,SMART,STK,True,CAR
health,cardiovascular_disease,US28176E1082,EDWARDS LIFESCIENCES CORP,4,"Desarrolla y fabrica tecnologías médicas innovadoras, particularmente en válvulas cardíacas y monitorización de cuidados críticos, para tratar enfermedades cardiovasculares avanzadas.","La empresa demuestra un fuerte enfoque en las enfermedades cardiovasculares, particularmente en las enfermedades cardíacas estructurales, ya que se identifica como el principal innovador mundial en este ámbito. Esto es evidente a través de su dedicación a mejorar la vida de los pacientes a través de tecnologías innovadoras, su categorización de productos en Reemplazo de Válvula Aórtica Transcatéter (TAVR), Terapias Transcatéter de Válvula Mitral y Tricúspide (TMTT) y Corazón Estructural Quirúrgico, y su visión de tratar a pacientes con enfermedades cardíacas estructurales valvulares y no valvulares como la insuficiencia cardíaca. La empresa se asocia con médicos e investigadores líderes, invierte en investigación y desarrollo, y se dedica a generar evidencia clínica sólida para fomentar la adopción de terapias médicas innovadoras.","[{'name': 'ew-Q125-10-Q', 'url': 'https://storage.googleapis.com/reflexivity-documents-prod/edgar/filing/10-q/ew-Q125-10-Q.html'}, {'name': 'ew-Q324-10-Q', 'url': 'https://storage.googleapis.com/reflexivity-documents-prod/edgar/filing/10-q/ew-Q324-10-Q.html'}, {'name': 'ew-FY24-10-K', 'url': 'https://storage.googleapis.com/reflexivity-documents-prod/edgar/filing/10-k/ew-FY24-10-K.html'}, {'name': 'ew-Q225-10-Q', 'url': 'https://storage.googleapis.com/reflexivity-documents-prod/edgar/filing/10-q/ew-Q225-10-Q.html'}]",8101142,USD,EW,SMART,STK,True,CAR
health,cardiovascular_disease,US1011371077,BOSTON SCIENTIFIC CORP,5,Proporciona una cartera integral de dispositivos médicos e intervenciones cruciales para el diagnóstico y tratamiento de diversas enfermedades cardiovasculares.,"El compromiso de Boston Scientific con el tema de Enfermedades Cardiovasculares es significativo, impulsado por su negocio dedicado de Cardiología, que desarrolla y fabrica tecnologías médicas para diagnosticar y tratar enfermedades cardíacas. Los productos de Cardiología contribuyen consistentemente con una parte sustancial de los ingresos de la empresa, representando aproximadamente el 50-52% de las ventas netas consolidadas en varios períodos de informes. Este compromiso se demuestra aún más por el fuerte crecimiento dentro del segmento cardiovascular, particularmente en áreas como WATCHMAN, Cardiología Intervencionista y Electrofisiología, así como adquisiciones estratégicas como SoniVie, destinadas a expandir su cartera de soluciones cardiovasculares.","[{'name': 'bsx-Q225-10-Q', 'url': 'https://storage.googleapis.com/reflexivity-documents-prod/edgar/filing/10-q/bsx-Q225-10-Q.html'}, {'name': 'bsx-Q125-10-Q', 'url': 'https://storage.googleapis.com/reflexivity-documents-prod/edgar/filing/10-q/bsx-Q125-10-Q.html'}, {'name': 'bsx-FY24-10-K', 'url': 'https://storage.googleapis.com/reflexivity-documents-prod/edgar/filing/10-k/bsx-FY24-10-K.html'}, {'name': 'bsx-Q324-10-Q', 'url': 'https://storage.googleapis.com/reflexivity-documents-prod/edgar/filing/10-q/bsx-Q324-10-Q.html'}]",5270,USD,BSX,SMART,STK,True,CAR
health,cardiovascular_disease,US1101221083,BRISTOL-MYERS SQUIBB CO,6,Se enfoca en el desarrollo y comercialización de soluciones terapéuticas para enfermedades cardiovasculares.,"La participación de Bristol Myers Squibb en Enfermedades Cardiovasculares es evidente a través de su enfoque estratégico y su diversa cartera. La compañía identifica explícitamente las enfermedades cardiovasculares como un área terapéutica central, enfatizando su compromiso de descubrir y ofrecer medicamentos transformadores. Este compromiso está respaldado por productos clave como Camzyos, que ha experimentado un crecimiento sustancial en ventas globales y ha recibido aprobaciones regulatorias en Japón y actualizaciones de etiqueta en los EE. UU. Además, Eliquis contribuye significativamente a los ingresos, y el programa clínico LIBREXIA en curso, que presenta milvexian, subraya la inversión continua de la compañía en el desarrollo de tratamientos para la fibrilación auricular, la prevención del accidente cerebrovascular y el síndrome coronario agudo.","[{'name': 'bmy-Q125-10-Q', 'url': 'https://storage.googleapis.com/reflexivity-documents-prod/edgar/filing/10-q/bmy-Q125-10-Q.html'}, {'name': 'bmy-Q324-10-Q', 'url': 'https://storage.googleapis.com/reflexivity-documents-prod/edgar/filing/10-q/bmy-Q324-10-Q.html'}, {'name': 'bmy-FY24-10-K', 'url': 'https://storage.googleapis.com/reflexivity-documents-prod/edgar/filing/10-k/bmy-FY24-10-K.html'}, {'name': 'bmy-Q225-10-Q', 'url': 'https://storage.googleapis.com/reflexivity-documents-prod/edgar/filing/10-q/bmy-Q225-10-Q.html'}]",5111,USD,BMY,SMART,STK,True,CAR
health,cardiovascular_disease,US58933Y1055,MERCK & CO INC,7,Centra sus esfuerzos en el tema de las enfermedades cardiovasculares.,"El compromiso de Merck con el tema de Enfermedades Cardiovasculares es evidente a través de varios desarrollos clave. El crecimiento de la franquicia cardiovascular está impulsado en gran medida por Winrevair, indicado por su creciente volumen de ventas y la aprobación de la FDA para el tratamiento de la hipertensión arterial pulmonar. Subrayando aún más este enfoque, Merck está desarrollando activamente MK-0616, un inhibidor oral de PCSK9, y ha adquirido Verona Pharma para complementar su programa cardiopulmonar. Además, Merck tiene un acuerdo de licencia exclusiva con Hengrui Pharma para HRS-5346, un tratamiento experimental dirigido a la enfermedad cardiovascular aterosclerótica.","[{'name': 'mrk-Q225-10-Q', 'url': 'https://storage.googleapis.com/reflexivity-documents-prod/edgar/filing/10-q/mrk-Q225-10-Q.html'}, {'name': 'mrk-FY24-10-K', 'url': 'https://storage.googleapis.com/reflexivity-documents-prod/edgar/filing/10-k/mrk-FY24-10-K.html'}, {'name': 'mrk-Q324-10-Q', 'url': 'https://storage.googleapis.com/reflexivity-documents-prod/edgar/filing/10-q/mrk-Q324-10-Q.html'}, {'name': 'mrk-Q125-10-Q', 'url': 'https://storage.googleapis.com/reflexivity-documents-prod/edgar/filing/10-q/mrk-Q125-10-Q.html'}]",70101545,USD,MRK,SMART,STK,True,CAR
health,cardiovascular_disease,DK0062498333,NOVO NORDISK A/S-B,8,"Se enfoca en el desarrollo de tratamientos que abordan la comorbilidad significativa de las enfermedades cardiovasculares, particularmente en afecciones como la obesidad y la diabetes, para mejorar los resultados de los pacientes.",,,652806383,DKK,NOVO.B,SMART,STK,False,CAR
health,cardiovascular_disease,US7170811035,PFIZER INC,9,"Participa en la investigación, desarrollo y comercialización de productos farmacéuticos para el tratamiento y manejo de diversas enfermedades cardiovasculares.","La participación de Pfizer en la Enfermedad Cardiovascular es evidente a través de varios productos clave e iniciativas estratégicas. El crecimiento de la compañía se atribuye en parte a la continua adopción de anticoagulantes orales como Eliquis, particularmente para la fibrilación auricular no valvular. Además, la familia Vyndaqel se destaca como un tratamiento fundamental para pacientes con miocardiopatía ATTR, una afección cardíaca grave. Si bien Pfizer está comprometida a construir su cartera cardiometabólica, incluida la obesidad, y considera que la cardiometabólica es una estrategia central dentro de Medicina Interna, no hay detalles explícitos sobre equipos o recursos dedicados a la Enfermedad Cardiovascular.","[{'name': 'pfe-Q324-10-Q', 'url': 'https://storage.googleapis.com/reflexivity-documents-prod/edgar/filing/10-q/pfe-Q324-10-Q.html'}]",11031,USD,PFE,SMART,STK,True,CAR
health,cardiovascular_disease,GB0009895292,ASTRAZENECA PLC,10,"Se centra en la investigación, el desarrollo y la comercialización de terapias para tratar y controlar enfermedades cardiovasculares.",,,909330,GBP,AZN,SMART,STK,False,CAR
health,cardiovascular_disease,US40412C1018,HCA HEALTHCARE INC,11,"Proporciona servicios integrales de atención cardiovascular, que incluyen diagnóstico, tratamiento e intervenciones quirúrgicas para pacientes con afecciones cardíacas y vasculares.","La participación de HCA en el tema de Enfermedades Cardiovasculares es evidente a través de su desarrollo estratégico de líneas de servicio integrales, incluida la cardiología. La compañía destaca consistentemente el crecimiento en procedimientos cardíacos, tanto ambulatorios como hospitalizados, así como los ingresos a rehabilitación cardíaca. Además, HCA planea continuar reclutando y colaborando con médicos para mejorar sus servicios de cardiología, lo que indica un compromiso continuo con esta área.","[{'name': 'hca-FY24-10-K', 'url': 'https://storage.googleapis.com/reflexivity-documents-prod/edgar/filing/10-k/hca-FY24-10-K.html'}]",85076790,USD,HCA,SMART,STK,True,CAR
health,cardiovascular_disease,US8835561023,THERMO FISHER SCIENTIFIC INC,12,"Proporciona instrumentación científica esencial, reactivos y servicios que apoyan la investigación, el diagnóstico y el desarrollo de terapias para enfermedades cardiovasculares.",,,12869,USD,TMO,SMART,STK,True,CAR
health,cardiovascular_disease,US0758871091,BECTON DICKINSON AND CO,13,"Proporciona dispositivos y tecnologías médicas cruciales para el diagnóstico, tratamiento y manejo de enfermedades cardiovasculares.","Becton, Dickinson and Company demuestra su enfoque en la enfermedad cardiovascular a través de su unidad de Intervención Periférica, que ha experimentado un fuerte crecimiento en su cartera de enfermedades vasculares periféricas, impulsado particularmente por las ventas del Sistema de Aterectomía RotarexTM. Sin embargo, este crecimiento en las ventas de plataformas de enfermedades vasculares periféricas se ve parcialmente compensado por una disminución en las ventas de productos oncológicos. La unidad de Intervención Periférica participa tanto en plataformas de enfermedades vasculares periféricas como de enfermedad renal terminal.","[{'name': 'bdx-Q125-10-Q', 'url': 'https://storage.googleapis.com/reflexivity-documents-prod/edgar/filing/10-q/bdx-Q125-10-Q.html'}, {'name': 'bdx-Q325-10-Q', 'url': 'https://storage.googleapis.com/reflexivity-documents-prod/edgar/filing/10-q/bdx-Q325-10-Q.html'}]",4886,USD,BDX,SMART,STK,True,CAR
health,cardiovascular_disease,DE000BAY0017,BAYER AG-REG,14,Desarrolla y comercializa una cartera de productos farmacéuticos destinados a tratar y prevenir diversas afecciones cardiovasculares.,,,68598660,EUR,BAYN,SMART,STK,False,CAR
health,cardiovascular_disease,US0311621009,AMGEN INC,15,Desarrolla y comercializa terapias innovadoras dirigidas a abordar necesidades significativas no satisfechas en el manejo de enfermedades cardiovasculares.,"La participación de Amgen en la industria de las enfermedades cardiovasculares es evidente a través de su producto Repatha, un importante motor de crecimiento con ventas que superan los 2.200 millones de dólares, y sus continuos esfuerzos para mejorar el acceso de los pacientes. La compañía también está avanzando en el programa clínico de olpasiran, que aborda un factor de riesgo significativo en las enfermedades cardíacas y se encuentra actualmente en ensayos de resultados cardiovasculares de Fase III. Además, Amgen está llevando a cabo el estudio de prevención primaria de Fase III Repatha VESALIUS y explorando el potencial de MariTide, que ha mostrado mejoras en los parámetros cardiometabólicos.","[{'name': 'amgn-Q324-10-Q', 'url': 'https://storage.googleapis.com/reflexivity-documents-prod/edgar/filing/10-q/amgn-Q324-10-Q.html'}, {'name': 'amgn-Q225-10-Q', 'url': 'https://storage.googleapis.com/reflexivity-documents-prod/edgar/filing/10-q/amgn-Q225-10-Q.html'}]",266145,USD,AMGN,SMART,STK,True,CAR
health,cardiovascular_disease,US8793691069,TELEFLEX INC,16,"Ofrece una cartera de dispositivos y soluciones médicas esenciales para el diagnóstico, tratamiento y manejo de enfermedades cardiovasculares.",,,12750,USD,TFX,SMART,STK,True,CAR
health,cardiovascular_disease,US88033G4073,TENET HEALTHCARE CORP,17,"Ofrece amplias soluciones de atención médica que abarcan el diagnóstico, tratamiento y manejo de enfermedades cardiovasculares en sus instalaciones.","El enfoque de la compañía en procedimientos cardiovasculares es evidente en su estrategia de alta agudeza, donde los servicios cardiovasculares se identifican como un área de fortaleza. Esta fortaleza en procedimientos cardiovasculares contribuye a los resultados generales de la estrategia de alta agudeza, lo que indica que los servicios cardiovasculares son un aspecto notable de las operaciones del hospital. La compañía destaca su enfoque en cardiovascular, ortopedia, columna vertebral, neurocirugía, cirugía general de amplio espectro y robótica.",,114929760,USD,THC,SMART,STK,True,CAR
health,cardiovascular_disease,US70975L1070,PENUMBRA INC,18,"Desarrolla y comercializa dispositivos médicos intervencionistas diseñados para tratar una variedad de enfermedades cardiovasculares, mejorando las opciones terapéuticas para los pacientes.","El enfoque de Penumbra en el tema de las enfermedades cardiovasculares es evidente a través de su desarrollo de tecnologías para afecciones médicas como el accidente cerebrovascular isquémico, el tromboembolismo venoso, la embolia pulmonar y la isquemia aguda de las extremidades. La empresa se identifica como la empresa líder mundial en trombectomía, con productos de trombectomía diseñados para eliminar coágulos sanguíneos, lo que contribuye significativamente a sus ingresos. El compromiso de Penumbra se demuestra además a través de ensayos clínicos como STORM-PE y STRIDE II, que evalúan su sistema de trombectomía asistida por computadora (CAVT). El negocio de trombectomía de la empresa en EE. UU., en particular la franquicia VTE, está experimentando un crecimiento, respaldado por productos como Flash 2.0 y Bolt 12, así como por el catéter RED 72 y Thunderbolt.","[{'name': 'pen-Q225-10-Q', 'url': 'https://storage.googleapis.com/reflexivity-documents-prod/edgar/filing/10-q/pen-Q225-10-Q.html'}, {'name': 'pen-Q125-10-Q', 'url': 'https://storage.googleapis.com/reflexivity-documents-prod/edgar/filing/10-q/pen-Q125-10-Q.html'}, {'name': 'pen-Q324-10-Q', 'url': 'https://storage.googleapis.com/reflexivity-documents-prod/edgar/filing/10-q/pen-Q324-10-Q.html'}, {'name': 'pen-FY24-10-K', 'url': 'https://storage.googleapis.com/reflexivity-documents-prod/edgar/filing/10-k/pen-FY24-10-K.html'}]",206663857,USD,PEN,SMART,STK,True,CAR
health,cardiovascular_disease,US9139031002,UNIVERSAL HEALTH SERVICES-B,19,"Proporciona servicios de atención médica que abarcan el diagnóstico, tratamiento y manejo de enfermedades cardiovasculares.","La participación de UHS en el tema de Enfermedades Cardiovasculares se refleja en la prestación de servicios de atención coronaria dentro de sus hospitales. Este servicio se enumera junto con otros servicios médicos generales y especializados, que incluyen cirugía, medicina interna y atención de emergencia. Si bien la atención coronaria se menciona como parte de los servicios ofrecidos, no se enfatiza como una prioridad estratégica importante, lo que sugiere una participación general en el tratamiento de enfermedades cardiovasculares.","[{'name': 'uhs-Q324-10-Q', 'url': 'https://storage.googleapis.com/reflexivity-documents-prod/edgar/filing/10-q/uhs-Q324-10-Q.html'}, {'name': 'uhs-Q125-10-Q', 'url': 'https://storage.googleapis.com/reflexivity-documents-prod/edgar/filing/10-q/uhs-Q125-10-Q.html'}]",13206,USD,UHS,SMART,STK,True,CAR
health,cardiovascular_disease,US02043Q1076,ALNYLAM PHARMACEUTICALS INC,20,Desarrolla terapias de ARN de interferencia (ARNi) centradas en el tratamiento de una variedad de enfermedades cardiovasculares.,"Alnylam demuestra un fuerte enfoque en las enfermedades cardiovasculares, particularmente a través del desarrollo y comercialización de tratamientos para la miocardiopatía ATTR. AMVUTTRA, aprobado para el tratamiento de la miocardiopatía asociada a la amiloidosis mediada por transtiretina, tiene como objetivo reducir la mortalidad cardiovascular, las hospitalizaciones y las visitas por insuficiencia cardíaca, y ha recibido aprobaciones en varios mercados globales. La empresa también está desarrollando nucresiran, actualmente en ensayos clínicos de Fase 3 para la amiloidosis ATTR con miocardiopatía, y tiene una colaboración con Roche para zilebesiran, dirigido a la hipertensión. Además, Alnylam está desarrollando vutrisiran y zilebesiran como parte de sus programas cardiometabólicos, respaldados por una financiación significativa para el desarrollo clínico.","[{'name': 'alny-Q225-10-Q', 'url': 'https://storage.googleapis.com/reflexivity-documents-prod/edgar/filing/10-q/alny-Q225-10-Q.html'}, {'name': 'alny-Q125-10-Q', 'url': 'https://storage.googleapis.com/reflexivity-documents-prod/edgar/filing/10-q/alny-Q125-10-Q.html'}, {'name': 'alny-FY24-10-K', 'url': 'https://storage.googleapis.com/reflexivity-documents-prod/edgar/filing/10-k/alny-FY24-10-K.html'}]",29442968,USD,ALNY,SMART,STK,False,CAR
health,cardiovascular_disease,FR0000120578,SANOFI,21,"Desarrolla y comercializa tratamientos para enfermedades cardiovasculares, contribuyendo a la atención del paciente y a los avances terapéuticos en el campo.",,,29612249,EUR,SAN1,SMART,STK,False,CAR
health,cardiovascular_disease,US36266G1076,GE HEALTHCARE TECHNOLOGY,22,"Proporciona soluciones avanzadas de diagnóstico por imagen, monitorización e intervencionismo, críticas para la detección, el tratamiento y la gestión de enfermedades cardiovasculares.","GE HealthCare demuestra su compromiso con la Enfermedad Cardiovascular a través de varias iniciativas clave. Los clientes están priorizando las inversiones en productos de imagen, particularmente en cardiología y oncología, lo que impulsa un crecimiento de pedidos de dos dígitos. Esto se apoya aún más en el lanzamiento de Flyrcado, un agente de imagen de perfusión miocárdica PET para detectar enfermedades de las arterias coronarias, y el Revolution Vibe, un sistema dedicado de TC cardíaca. La línea de productos CardioVascular y de Soluciones Intervencionistas de la empresa contribuye al crecimiento del segmento AVS, y Flyrcado ha recibido el premio ""Cardiology Abstract of the Year"".","[{'name': 'gehc-FY24-10-K', 'url': 'https://storage.googleapis.com/reflexivity-documents-prod/edgar/filing/10-k/gehc-FY24-10-K.html'}]",601776309,USD,GEHC,SMART,STK,True,CAR
health,cardiovascular_disease,JP3475350009,DAIICHI SANKYO CO LTD,23,Desarrolla y comercializa productos y terapias farmacéuticas enfocadas en el tratamiento y manejo de diversas enfermedades cardiovasculares.,,,35928149,JPY,4568,SMART,STK,False,CAR
health,cardiovascular_disease,US5324571083,ELI LILLY & CO,24,"Desarrolla y comercializa una gama de tratamientos farmacéuticos dirigidos a diversas afecciones cardiovasculares, contribuyendo a los avances en la atención al paciente dentro de esta área terapéutica.","La participación de Lilly en el tema de Enfermedades Cardiovasculares es evidente a través de múltiples vías. La adquisición por parte de la empresa de Verve Therapeutics, centrada en terapias génicas para afecciones cardiovasculares con potencial de administración única, demuestra un compromiso con tratamientos innovadores. Esto está respaldado además por resultados positivos del ensayo de Fase III SURPASS-CVOT para tirzepatida, que muestran protección cardiovascular en personas con diabetes tipo 2 y enfermedades cardíacas. Además, Lilly tiene varios compuestos como Lepodisiran, Muvalaplin, Solbinsiran y Retatrutide en ensayos clínicos de Fase 2 y Fase 3 dirigidos a diversas dolencias cardiovasculares, lo que destaca la dedicación de la empresa a abordar esta área crítica de la atención médica.","[{'name': 'lly-Q324-10-Q', 'url': 'https://storage.googleapis.com/reflexivity-documents-prod/edgar/filing/10-q/lly-Q324-10-Q.html'}, {'name': 'lly-Q225-10-Q', 'url': 'https://storage.googleapis.com/reflexivity-documents-prod/edgar/filing/10-q/lly-Q225-10-Q.html'}, {'name': 'lly-Q125-10-Q', 'url': 'https://storage.googleapis.com/reflexivity-documents-prod/edgar/filing/10-q/lly-Q125-10-Q.html'}, {'name': 'lly-FY24-10-K', 'url': 'https://storage.googleapis.com/reflexivity-documents-prod/edgar/filing/10-k/lly-FY24-10-K.html'}]",9160,USD,LLY,SMART,STK,True,CAR
health,cardiovascular_disease,US46120E6023,INTUITIVE SURGICAL INC,25,Proporciona plataformas avanzadas de cirugía asistida por robot utilizadas en diversos procedimientos para el tratamiento de enfermedades cardiovasculares.,,,9063285,USD,ISRG,SMART,STK,True,CAR
health,cardiovascular_disease,US74834L1008,QUEST DIAGNOSTICS INC,26,"Proporciona servicios integrales de pruebas de diagnóstico esenciales para la detección, el seguimiento y el manejo de enfermedades cardiovasculares.","La participación de Quest Diagnostics con el tema de las enfermedades cardiovasculares es evidente a través de su enfoque en pruebas cardiometabólicas avanzadas, identificadas como un área clínica clave que impulsa el crecimiento en todos los canales de clientes. La cartera de diagnósticos avanzados de la empresa incluye pruebas cardiometabólicas avanzadas, que han experimentado un crecimiento de ingresos de dos dígitos, particularmente en pruebas para trastornos metabólicos y endocrinos y enfermedad renal crónica. Este crecimiento ayuda a los proveedores a apoyar la atención preventiva al identificar riesgos tempranos para la salud, lo que demuestra el compromiso de la empresa de satisfacer las necesidades cambiantes de los clientes en salud cardiovascular.",,2459465,USD,DGX,SMART,STK,True,CAR
health,cardiovascular_disease,US75886F1075,REGENERON PHARMACEUTICALS,27,Contribuye al tema de Enfermedades Cardiovasculares a través del desarrollo de terapias farmacéuticas para diversas afecciones cardiovasculares.,"Regeneron demuestra su compromiso en el área de enfermedades cardiovasculares a través de productos existentes e investigación en curso. La compañía desarrolla medicamentos para enfermedades cardiovasculares y metabólicas, con Praluent específicamente indicado para la reducción de LDL y del riesgo cardiovascular. Además, Regeneron está explorando tratamientos para comorbilidades relacionadas con enfermedades cardiovasculares, como lo demuestra la concesión de licencias de un agonista GLP1/GIP en etapa tardía para estudiar combinaciones con sus productos. El programa Factor XI también tiene como objetivo mejorar la prevención de coágulos sanguíneos y reducir el riesgo de sangrado.","[{'name': 'regn-Q125-10-Q', 'url': 'https://storage.googleapis.com/reflexivity-documents-prod/edgar/filing/10-q/regn-Q125-10-Q.html'}, {'name': 'regn-Q324-10-Q', 'url': 'https://storage.googleapis.com/reflexivity-documents-prod/edgar/filing/10-q/regn-Q324-10-Q.html'}, {'name': 'regn-Q225-10-Q', 'url': 'https://storage.googleapis.com/reflexivity-documents-prod/edgar/filing/10-q/regn-Q225-10-Q.html'}]",273733,USD,REGN,SMART,STK,True,CAR
health,cardiovascular_disease,US2358511028,DANAHER CORP,28,Proporciona herramientas de diagnóstico y soluciones de investigación en ciencias de la vida que apoyan la comprensión y el manejo de las afecciones cardiovasculares.,,,6442,USD,DHR,SMART,STK,True,CAR
health,cardiovascular_disease,US0718131099,BAXTER INTERNATIONAL INC.,29,Proporciona productos y terapias médicas que abordan diversos aspectos del manejo y tratamiento de las enfermedades cardiovasculares.,,,8111188,USD,BAX,SMART,STK,True,CAR
health,cardiovascular_disease,US91307C1027,UNITED THERAPEUTICS CORP,30,Contribuye al tema de Enfermedades Cardiovasculares.,"La participación de United Therapeutics en el tema de las Enfermedades Cardiovasculares es evidente en su enfoque en la hipertensión pulmonar, una condición cardiovascular específica, con productos comercializados como Tyvaso, Orenitram y Remodulin. Los ingresos de la compañía están significativamente ligados a sus productos de treprostinil, que se utilizan para tratar la hipertensión pulmonar y afecciones relacionadas, lo que contribuye a un crecimiento de los ingresos de dos dígitos. Además, United Therapeutics participa activamente en la mejora de medicamentos existentes y el desarrollo de nuevos tratamientos para la hipertensión pulmonar, incluida la exploración de nuevos métodos de dosificación y variaciones en la dosificación, así como el desarrollo de UHeart.","[{'name': 'uthr-FY24-10-K', 'url': 'https://storage.googleapis.com/reflexivity-documents-prod/edgar/filing/10-k/uthr-FY24-10-K.html'}]",6746357,USD,UTHR,SMART,STK,True,CAR
health,cardiovascular_disease,US68170A1088,OMADA HEALTH INC,31,Se enfoca en iniciativas y soluciones de salud relacionadas con enfermedades cardiovasculares.,"La participación de Omada Health en el espacio de las enfermedades cardiovasculares se refleja en su apoyo a pacientes con hipertensión, ofreciendo herramientas como manguitos de presión arterial y planes de atención personalizados. La compañía reconoce el impacto financiero significativo de la diabetes y las enfermedades cardiovasculares en el sistema de atención médica de EE. UU. Si bien el manejo de la hipertensión es parte de la suite cardiometabólica de Omada, no parece ser un enfoque estratégico principal.",,789886445,USD,OMDA,SMART,STK,False,CAR
health,cardiovascular_disease,US87918A1051,TELADOC HEALTH INC,32,Proporciona soluciones de atención virtual que abordan la gestión y el tratamiento de enfermedades cardiovasculares.,,,198563873,USD,TDOC,SMART,STK,False,CAR
health,cardiovascular_disease,US23282W6057,CYTOKINETICS INC,33,Se enfoca en el tema de Enfermedades Cardiovasculares.,"Cytokinetics está profundamente involucrada en el tema de la industria de Enfermedades Cardiovasculares, principalmente a través del desarrollo de terapias para afecciones como la miocardiopatía hipertrófica (MCH) y la insuficiencia cardíaca (IC). Su principal candidato a fármaco, aficamten, se está desarrollando para la MCH, mientras que omecamtiv mecarbil y CK-586 están en desarrollo para la insuficiencia cardíaca, con ensayos clínicos de Fase 3 en curso para evaluar su eficacia y seguridad. Los programas de desarrollo de la empresa representan pilares estratégicos en el avance de su franquicia de cardiología especializada, con un enfoque en la disfunción del músculo cardíaco. Con múltiples ensayos clínicos en curso y una visión clara de ser una empresa biofarmacéutica especializada líder centrada en el músculo, Cytokinetics está fuertemente invertida en el desarrollo de tratamientos para diversas afecciones cardíacas, lo que convierte a las enfermedades cardiovasculares en un motor de ingresos principal.","[{'name': 'cytk-Q225-10-Q', 'url': 'https://storage.googleapis.com/reflexivity-documents-prod/edgar/filing/10-q/cytk-Q225-10-Q.html'}, {'name': 'cytk-Q125-10-Q', 'url': 'https://storage.googleapis.com/reflexivity-documents-prod/edgar/filing/10-q/cytk-Q125-10-Q.html'}, {'name': 'cytk-Q324-10-Q', 'url': 'https://storage.googleapis.com/reflexivity-documents-prod/edgar/filing/10-q/cytk-Q324-10-Q.html'}, {'name': 'cytk-FY24-10-K', 'url': 'https://storage.googleapis.com/reflexivity-documents-prod/edgar/filing/10-k/cytk-FY24-10-K.html'}]",130108624,USD,CYTK,SMART,STK,True,CAR
health,cardiovascular_disease,GB00BYMT0J19,LIVANOVA PLC,34,Se enfoca en el desarrollo de tecnologías médicas que abordan diversos aspectos del tratamiento de enfermedades cardiovasculares y la atención al paciente.,"El compromiso de LivaNova con el tema de las enfermedades cardiovasculares es evidente en su misión de ofrecer soluciones que cambian la vida para afecciones cardíacas selectas. El segmento Cardiopulmonar de la compañía se enfoca en el diseño, desarrollo, fabricación y venta de productos cardiopulmonares, incluidos HLMs, oxigenadores y accesorios relacionados. La importante contribución de ingresos de este segmento, con $375.6 millones para los seis meses finalizados el 30 de junio de 2025, demuestra el enfoque de la compañía en esta área.","[{'name': 'livn-Q324-10-Q', 'url': 'https://storage.googleapis.com/reflexivity-documents-prod/edgar/filing/10-q/livn-Q324-10-Q.html'}, {'name': 'livn-Q225-10-Q', 'url': 'https://storage.googleapis.com/reflexivity-documents-prod/edgar/filing/10-q/livn-Q225-10-Q.html'}, {'name': 'livn-FY24-10-K', 'url': 'https://storage.googleapis.com/reflexivity-documents-prod/edgar/filing/10-k/livn-FY24-10-K.html'}, {'name': 'livn-Q125-10-Q', 'url': 'https://storage.googleapis.com/reflexivity-documents-prod/edgar/filing/10-q/livn-Q125-10-Q.html'}]",209755497,USD,LIVN,SMART,STK,True,CAR
health,cardiovascular_disease,US5588681057,MADRIGAL PHARMACEUTICALS INC,35,Desarrolla terapias para enfermedades cardiovasculares.,"La conexión de la empresa con el tema de las enfermedades cardiovasculares se deriva del reconocimiento de que los pacientes con MASH, particularmente aquellos con hipertensión y diabetes tipo 2, se enfrentan a un mayor riesgo de eventos cardiovasculares. Este reconocimiento aparece en el contexto de comorbilidades y consideraciones de pagadores para los tratamientos de MASH. Si bien la empresa reconoce la presencia de problemas cardiovasculares en su población de pacientes, no hay un énfasis estratégico explícito, inversión monetaria o programa dedicado centrado en la investigación, el tratamiento o la prevención de enfermedades cardiovasculares, más allá del nombramiento de un Director Médico con experiencia previa en desarrollo cardiovascular.","[{'name': 'mdgl-Q225-10-Q', 'url': 'https://storage.googleapis.com/reflexivity-documents-prod/edgar/filing/10-q/mdgl-Q225-10-Q.html'}]",241893053,USD,MDGL,SMART,STK,False,CAR
health,cardiovascular_disease,US4500561067,IRHYTHM TECHNOLOGIES INC,36,Desarrolla y comercializa soluciones de monitorización cardíaca para el diagnóstico y manejo de diversas enfermedades cardiovasculares.,"El negocio de iRhythm Technologies se centra en el monitoreo cardíaco, lo que los convierte en un actor importante en el abordaje de enfermedades cardiovasculares. Su servicio Zio está diseñado para el monitoreo cardíaco, con el objetivo de detectar arritmias tempranamente y prevenir eventos cardíacos graves, dirigido a los aproximadamente 27 millones de pacientes no diagnosticados con riesgo de arritmias en los Estados Unidos. iRhythm enfatiza la detección e intervención tempranas para reducir las hospitalizaciones y mejorar los resultados de los pacientes, como lo demuestra el análisis del mundo real de pacientes con diabetes tipo 2 y enfermedad renal crónica, donde las arritmias cardíacas a menudo preceden a eventos cardiovasculares importantes. La compañía ha superado los 10 millones de informes acumulados de pacientes, lo que subraya su compromiso con la atención superior al paciente y la transformación de la atención cardíaca a través del monitoreo proactivo.",,252330405,USD,IRTC,SMART,STK,False,CAR
health,cardiovascular_disease,US45826H1095,INTEGER HOLDINGS CORP,37,Se enfoca en el desarrollo y fabricación de dispositivos médicos utilizados en el tratamiento de enfermedades cardiovasculares.,"Integer Holdings Corporation se identifica como una gran organización de desarrollo y fabricación por contrato de dispositivos médicos que atiende a los mercados cardiovascular y vascular. Esto se demuestra a través de su línea de productos Cardio & Vascular (C&V), que ha experimentado un crecimiento significativo en ventas, incluido un aumento del 17% en el primer trimestre de 2025. El enfoque de la empresa se extiende a los mercados de electrofisiología, neurovascular y de válvulas cardíacas, mejorado aún más por adquisiciones como Aran, que amplía sus soluciones para dispositivos terapéuticos y de administración complejos en mercados cardiovasculares de alto crecimiento. Este compromiso también es evidente en sus asociaciones estratégicas destinadas a ofrecer tecnologías innovadoras de dispositivos médicos a pacientes a nivel mundial.","[{'name': 'itgr-Q324-10-Q', 'url': 'https://storage.googleapis.com/reflexivity-documents-prod/edgar/filing/10-q/itgr-Q324-10-Q.html'}, {'name': 'itgr-Q225-10-Q', 'url': 'https://storage.googleapis.com/reflexivity-documents-prod/edgar/filing/10-q/itgr-Q225-10-Q.html'}, {'name': 'itgr-Q125-10-Q', 'url': 'https://storage.googleapis.com/reflexivity-documents-prod/edgar/filing/10-q/itgr-Q125-10-Q.html'}, {'name': 'itgr-FY24-10-K', 'url': 'https://storage.googleapis.com/reflexivity-documents-prod/edgar/filing/10-k/itgr-FY24-10-K.html'}]",238591520,USD,ITGR,SMART,STK,True,CAR
health,cardiovascular_disease,US5898891040,MERIT MEDICAL SYSTEMS INC,38,Desarrolla y fabrica una amplia cartera de dispositivos médicos esenciales para procedimientos de diagnóstico e intervencionistas en el tratamiento de enfermedades cardiovasculares.,"El enfoque de la empresa en el tema de la industria de enfermedades cardiovasculares es evidente a través de la fabricación y comercialización de dispositivos médicos utilizados particularmente en cardiología. Su segmento cardiovascular, que incluye categorías de productos como intervención periférica, intervención cardíaca, soluciones de procedimientos personalizadas y OEM, ofrece una gama de dispositivos de cardiología y radiología diseñados para diagnosticar y tratar enfermedades coronarias y vasculares periféricas. La dedicación de la empresa a esta área se demuestra aún más por la importante contribución de ingresos del segmento cardiovascular, con ventas para el período de tres meses finalizado el 30 de junio de 2025, que alcanzaron los 364,0 millones de dólares, un aumento del 11 % en comparación con el año anterior, y el segmento que contribuye con el 9 % al crecimiento total de los ingresos en el primer trimestre de 2025.","[{'name': 'mmsi-Q225-10-Q', 'url': 'https://storage.googleapis.com/reflexivity-documents-prod/edgar/filing/10-q/mmsi-Q225-10-Q.html'}, {'name': 'mmsi-Q125-10-Q', 'url': 'https://storage.googleapis.com/reflexivity-documents-prod/edgar/filing/10-q/mmsi-Q125-10-Q.html'}, {'name': 'mmsi-Q324-10-Q', 'url': 'https://storage.googleapis.com/reflexivity-documents-prod/edgar/filing/10-q/mmsi-Q324-10-Q.html'}, {'name': 'mmsi-FY24-10-K', 'url': 'https://storage.googleapis.com/reflexivity-documents-prod/edgar/filing/10-k/mmsi-FY24-10-K.html'}]",271911,USD,MMSI,SMART,STK,True,CAR
health,cardiovascular_disease,US2289031005,ARTIVION INC,39,Proporciona dispositivos y soluciones médicas innovadoras para el tratamiento y manejo de enfermedades cardiovasculares.,"El negocio de Artivion se centra en abordar las enfermedades cardiovasculares a través de la fabricación y distribución de dispositivos médicos y tejidos humanos implantables utilizados en procedimientos quirúrgicos cardíacos y vasculares. Las principales familias de productos de la empresa, que incluyen injertos de stent aórticos, válvulas cardíacas mecánicas On-X, selladores quirúrgicos y tejidos humanos cardíacos y vasculares, son integrales para el tratamiento de enfermedades aórticas, endocarditis y defectos cardíacos congénitos. Notablemente, la empresa enfatiza las ventajas clínicas de su válvula cardíaca On-X, destacando datos que demuestran tasas de mortalidad mejoradas en comparación con las válvulas bioprotésicas en pacientes más jóvenes, y está persiguiendo activamente una oportunidad de mercado significativa basada en estos hallazgos. La mayoría de los ingresos por servicios de preservación vascular de la empresa están relacionados con los envíos de venas safenas, que se utilizan principalmente en cirugías de reconstrucción vascular periférica para evitar amputaciones de extremidades.","[{'name': 'aort-Q125-10-Q', 'url': 'https://storage.googleapis.com/reflexivity-documents-prod/edgar/filing/10-q/aort-Q125-10-Q.html'}, {'name': 'aort-Q324-10-Q', 'url': 'https://storage.googleapis.com/reflexivity-documents-prod/edgar/filing/10-q/aort-Q324-10-Q.html'}, {'name': 'aort-Q225-10-Q', 'url': 'https://storage.googleapis.com/reflexivity-documents-prod/edgar/filing/10-q/aort-Q225-10-Q.html'}, {'name': 'aort-FY24-10-K', 'url': 'https://storage.googleapis.com/reflexivity-documents-prod/edgar/filing/10-k/aort-FY24-10-K.html'}]",268064,USD,AORT,SMART,STK,True,CAR
health,cardiovascular_disease,US4577301090,INSPIRE MEDICAL SYSTEMS INC,40,Aborda un factor de riesgo clave para enfermedades cardiovasculares a través de sus soluciones para la apnea obstructiva del sueño.,,,316490710,USD,INSP,SMART,STK,True,CAR
health,cardiovascular_disease,US5165441032,LANTHEUS HOLDINGS INC,41,Desarrolla y proporciona soluciones de diagnóstico que son críticas para la detección y el manejo de enfermedades cardiovasculares.,"Lantheus demuestra su enfoque en las enfermedades cardiovasculares a través de sus productos de diagnóstico de precisión, que están diseñados para ayudar a los profesionales de la salud a encontrar y seguir enfermedades, particularmente en cardiología. La empresa enfatiza su enfoque en activos que son los primeros o los mejores en su clase en oncología, neurología y cardiología, y DEFINITY está diseñado para mejorar el valor de la imagen. Además, Lantheus está persiguiendo activamente patentes adicionales relacionadas con DEFINITY, tanto en los EE. UU. como a nivel internacional, y tiene un producto llamado Flyrcado (flurpiridaz F-18) para el diagnóstico de enfermedades de las arterias coronarias.","[{'name': 'lnth-FY24-10-K', 'url': 'https://storage.googleapis.com/reflexivity-documents-prod/edgar/filing/10-k/lnth-FY24-10-K.html'}, {'name': 'lnth-Q225-10-Q', 'url': 'https://storage.googleapis.com/reflexivity-documents-prod/edgar/filing/10-q/lnth-Q225-10-Q.html'}, {'name': 'lnth-Q125-10-Q', 'url': 'https://storage.googleapis.com/reflexivity-documents-prod/edgar/filing/10-q/lnth-Q125-10-Q.html'}, {'name': 'lnth-Q324-10-Q', 'url': 'https://storage.googleapis.com/reflexivity-documents-prod/edgar/filing/10-q/lnth-Q324-10-Q.html'}]",198250080,USD,LNTH,SMART,STK,True,CAR
health,cardiovascular_disease,US04963C2098,ATRICURE INC,42,"Desarrolla y comercializa dispositivos médicos y terapias para el tratamiento de la fibrilación auricular y otras enfermedades cardiovasculares, incluyendo sistemas de ablación quirúrgica y manejo del apéndice auricular izquierdo.","El compromiso de AtriCure con el tema de las Enfermedades Cardiovasculares es evidente a través de su enfoque en la fibrilación auricular (FA) y el manejo de la orejuela izquierda (OI), ya que la empresa se identifica explícitamente como un innovador líder en estos tratamientos. Sus productos de ablación y manejo de OI se utilizan tanto en procedimientos a corazón abierto como mínimamente invasivos. Este compromiso se demuestra aún más mediante ensayos clínicos como el ensayo LeAAPS, diseñado para evaluar la prevención de accidentes cerebrovasculares, y el ensayo BoxX-NoAF, cuyo objetivo es reducir la FA posoperatoria, junto con el desarrollo de una plataforma EnCompass habilitada para PFA para cirugía cardíaca.","[{'name': 'atrc-Q225-10-Q', 'url': 'https://storage.googleapis.com/reflexivity-documents-prod/edgar/filing/10-q/atrc-Q225-10-Q.html'}, {'name': 'atrc-Q125-10-Q', 'url': 'https://storage.googleapis.com/reflexivity-documents-prod/edgar/filing/10-q/atrc-Q125-10-Q.html'}, {'name': 'atrc-FY24-10-K', 'url': 'https://storage.googleapis.com/reflexivity-documents-prod/edgar/filing/10-k/atrc-FY24-10-K.html'}]",35400501,USD,ATRC,SMART,STK,False,CAR
health,cardiovascular_disease,US5255582018,LEMAITRE VASCULAR INC,43,"Ofrece dispositivos y soluciones médicas diseñadas para el tratamiento y manejo de enfermedades cardiovasculares, con énfasis en la salud vascular.","El compromiso de LeMaitre Vascular con el tema de enfermedades cardiovasculares es evidente a través de su desarrollo, fabricación y comercialización de dispositivos médicos e implantes utilizados en este campo. El enfoque de la empresa se ve subrayado por sus ofertas, que incluyen parches vasculares y cardíacos biológicos, así como el procesamiento y la criopreservación de tejido vascular y cardíaco humano. Además, la cartera de productos de la empresa, que incluye injertos y derivaciones carotídeas, aborda directamente los procedimientos y tratamientos cardiovasculares, solidificando su posición en esta área.","[{'name': 'lmat-Q324-10-Q', 'url': 'https://storage.googleapis.com/reflexivity-documents-prod/edgar/filing/10-q/lmat-Q324-10-Q.html'}, {'name': 'lmat-Q225-10-Q', 'url': 'https://storage.googleapis.com/reflexivity-documents-prod/edgar/filing/10-q/lmat-Q225-10-Q.html'}, {'name': 'lmat-FY24-10-K', 'url': 'https://storage.googleapis.com/reflexivity-documents-prod/edgar/filing/10-k/lmat-FY24-10-K.html'}, {'name': 'lmat-Q125-10-Q', 'url': 'https://storage.googleapis.com/reflexivity-documents-prod/edgar/filing/10-q/lmat-Q125-10-Q.html'}]",41155395,USD,LMAT,SMART,STK,True,CAR
health,cardiovascular_disease,US6323071042,NATERA INC,44,Proporciona pruebas de diagnóstico que contribuyen a la comprensión y el manejo de afecciones cardiovasculares.,,,198950253,USD,NTRA,SMART,STK,False,CAR
health,cardiovascular_disease,NL00150012L7,NEWAMSTERDAM PHARMA CO NV,45,Desarrolla soluciones terapéuticas dirigidas a abordar diversas enfermedades cardiovasculares.,"El enfoque de la empresa es mejorar la atención al paciente para enfermedades cardiometabólicas, particularmente enfermedades cardiovasculares (ECV), como lo demuestra su misión y el desarrollo de obicetrapib. Están desarrollando obicetrapib como una terapia para pacientes con riesgo de ECV con LDL-C elevado, incluidos aquellos con enfermedad cardiovascular aterosclerótica (ASCVD). La empresa está llevando a cabo ensayos de fase 3 relacionados con resultados cardiovasculares, lo que destaca su inversión en abordar esta área terapéutica donde los tratamientos existentes pueden ser inadecuados.","[{'name': 'nams-Q225-10-Q', 'url': 'https://storage.googleapis.com/reflexivity-documents-prod/edgar/filing/10-q/nams-Q225-10-Q.html'}, {'name': 'nams-FY24-10-K', 'url': 'https://storage.googleapis.com/reflexivity-documents-prod/edgar/filing/10-k/nams-FY24-10-K.html'}]",599376426,USD,NAMS,SMART,STK,False,CAR
health,cardiovascular_disease,US8036071004,SAREPTA THERAPEUTICS INC,46,Las actividades comerciales de la empresa incluyen aspectos relacionados con el tema de las enfermedades cardiovasculares.,,,110434131,USD,SRPT,SMART,STK,True,CAR
health,cardiovascular_disease,US7504911022,RADNET INC,47,Proporciona servicios de diagnóstico por imágenes cruciales para la detección y el seguimiento de afecciones cardiovasculares.,,,41888859,USD,RDNT,SMART,STK,True,CAR
health,cardiovascular_disease,US10806X1028,BRIDGEBIO PHARMA INC,48,Participa en el desarrollo de soluciones terapéuticas para afecciones cardiovasculares.,"La participación de BridgeBio en el tema de las enfermedades cardiovasculares es evidente a través del desarrollo y la comercialización de terapias para la miocardiopatía amiloide por transtiretina (ATTR-CM). El fármaco de la empresa, Attruby, ha demostrado eficacia clínica en la reducción de la hospitalización y la mortalidad cardiovascular, con datos que muestran una reducción significativa del riesgo relativo. Beyonttra, otro de los productos de la empresa, ha recibido la aprobación en Europa y Japón para el tratamiento de la ATTR-CM, lo que solidifica aún más el enfoque de BridgeBio en abordar esta afección cardiovascular. Además, BridgeBio tiene un acuerdo con Bayer para desarrollar y comercializar acoramidis, un tratamiento para la amiloidosis por transtiretina, lo que refuerza su enfoque estratégico en las enfermedades cardiovasculares.","[{'name': 'bbio-Q225-10-Q', 'url': 'https://storage.googleapis.com/reflexivity-documents-prod/edgar/filing/10-q/bbio-Q225-10-Q.html'}, {'name': 'bbio-Q125-10-Q', 'url': 'https://storage.googleapis.com/reflexivity-documents-prod/edgar/filing/10-q/bbio-Q125-10-Q.html'}, {'name': 'bbio-FY24-10-K', 'url': 'https://storage.googleapis.com/reflexivity-documents-prod/edgar/filing/10-k/bbio-FY24-10-K.html'}]",372849723,USD,BBIO,SMART,STK,False,CAR
health,cardiovascular_disease,US89377M1099,TRANSMEDICS GROUP INC,49,"Desarrolla y comercializa el Sistema de Cuidado de Órganos, que se utiliza para la preservación y evaluación de corazones de donantes antes del trasplante en pacientes con enfermedad cardiovascular en etapa terminal.","El compromiso de TransMedics Group con el tema de Enfermedades Cardiovasculares es evidente a través del desarrollo y la aprobación por parte de la FDA del producto Organ Care System (OCS) Heart, diseñado para trasplantes de corazón. El enfoque de la empresa en transformar la terapia de trasplante de órganos para pacientes con insuficiencia orgánica en etapa terminal se ve subrayado por la aprobación previa a la comercialización del OCS Heart para órganos donados después de la muerte cerebral y la muerte circulatoria. Este compromiso se ve reforzado por los ingresos significativos generados por los kits desechables OCS Heart y los servicios relacionados con los trasplantes de corazón, con ingresos de trasplantes de corazón en EE. UU. que alcanzaron los 32 millones de dólares en el segundo trimestre de 2025, y el desarrollo continuo de un programa clínico OCS Heart de próxima generación.","[{'name': 'tmdx-Q225-10-Q', 'url': 'https://storage.googleapis.com/reflexivity-documents-prod/edgar/filing/10-q/tmdx-Q225-10-Q.html'}, {'name': 'tmdx-Q324-10-Q', 'url': 'https://storage.googleapis.com/reflexivity-documents-prod/edgar/filing/10-q/tmdx-Q324-10-Q.html'}, {'name': 'tmdx-FY24-10-K', 'url': 'https://storage.googleapis.com/reflexivity-documents-prod/edgar/filing/10-k/tmdx-FY24-10-K.html'}]",364036140,USD,TMDX,SMART,STK,True,CAR
health,cardiovascular_disease,US53635D2027,LIQUIDIA CORP,50,Opera dentro del área terapéutica de Enfermedades Cardiovasculares.,"El enfoque de Liquidia en enfermedades raras cardiopulmonares, específicamente la hipertensión arterial pulmonar (HAP) y la hipertensión pulmonar asociada a la enfermedad pulmonar intersticial (HP-EPI), impulsa su participación en el tema de Enfermedades Cardiovasculares. La investigación, el desarrollo y la fabricación de productos novedosos de la empresa aprovechan su experiencia en estas enfermedades, con el candidato a producto principal YUTREPIA y el desarrollo de L606 dirigidos a la HAP y la HP-EPI. El compromiso de Liquidia se extiende a las actividades comerciales, incluida una fuerza de ventas específica centrada en médicos y farmacias hospitalarias involucradas en el tratamiento de estas afecciones, así como en partes interesadas clave en la distribución y el reembolso.","[{'name': 'lqda-Q225-10-Q', 'url': 'https://storage.googleapis.com/reflexivity-documents-prod/edgar/filing/10-q/lqda-Q225-10-Q.html'}, {'name': 'lqda-Q125-10-Q', 'url': 'https://storage.googleapis.com/reflexivity-documents-prod/edgar/filing/10-q/lqda-Q125-10-Q.html'}]",327422071,USD,LQDA,SMART,STK,False,CAR
health,cardiovascular_disease,US92556V1061,VIATRIS INC,51,Aborda aspectos dentro del tema de enfermedades cardiovasculares.,"Viatris demuestra su enfoque en el tema de Enfermedades Cardiovasculares a través del desarrollo de selatogrel, un activo en Fase III adquirido de Idorsia, que ven como un tratamiento potencialmente transformador y exitoso. Esta adquisición incluyó un pago inicial de $350 millones más posibles pagos por hitos y regalías, lo que resalta la importancia estratégica de selatogrel para Viatris. La compañía está avanzando activamente en la inscripción para el programa global de selatogrel y anticipa la lectura de datos en 2026, con la expansión de su cartera cardiovascular en mercados emergentes.","[{'name': 'vtrs-FY24-10-K', 'url': 'https://storage.googleapis.com/reflexivity-documents-prod/edgar/filing/10-k/vtrs-FY24-10-K.html'}, {'name': 'vtrs-Q324-10-Q', 'url': 'https://storage.googleapis.com/reflexivity-documents-prod/edgar/filing/10-q/vtrs-Q324-10-Q.html'}]",454859695,USD,VTRS,SMART,STK,True,CAR
health,cardiovascular_disease,US4622221004,IONIS PHARMACEUTICALS INC,52,Contribuye al tratamiento de enfermedades cardiovasculares a través de sus esfuerzos de desarrollo farmacéutico.,"Ionis Pharmaceuticals demuestra su enfoque en las enfermedades cardiovasculares a través de su cartera de productos y tratamientos comercializados. La compañía está desarrollando activamente olezarsen para la hipertrigliceridemia severa, con estudios de Fase 3 en curso y preparativos para un posible lanzamiento. Además, Ionis está desarrollando eplontersen para la miocardiopatía de amiloidosis por transtiretina y pelacarsen para la enfermedad cardiovascular impulsada por lipoproteína(a) elevada, y Novartis está realizando un estudio de resultados cardiovasculares de Fase 3 para este último. Ionis también tiene TRYNGOLZA, un tratamiento comercializado prescrito por cardiólogos, para el síndrome de quilomicronemia familiar, lo que solidifica aún más su presencia en el espacio cardiovascular.","[{'name': 'ions-Q225-10-Q', 'url': 'https://storage.googleapis.com/reflexivity-documents-prod/edgar/filing/10-q/ions-Q225-10-Q.html'}, {'name': 'ions-Q125-10-Q', 'url': 'https://storage.googleapis.com/reflexivity-documents-prod/edgar/filing/10-q/ions-Q125-10-Q.html'}, {'name': 'ions-FY24-10-K', 'url': 'https://storage.googleapis.com/reflexivity-documents-prod/edgar/filing/10-k/ions-FY24-10-K.html'}]",216201303,USD,IONS,SMART,STK,False,CAR
health,cardiovascular_disease,US00287Y1091,ABBVIE INC,53,Está asociado con el tema de Enfermedades Cardiovasculares.,,,118089500,USD,ABBV,SMART,STK,True,CAR
health,cardiovascular_disease,GB00BRXB0C07,KINIKSA PHARMACEUTICALS INTE,54,Está involucrada en el tema de Enfermedades Cardiovasculares.,"El compromiso de Kiniksa con el tema de las enfermedades cardiovasculares es evidente a través de su enfoque estratégico y desarrollo de productos. La empresa declara explícitamente su enfoque en indicaciones cardiovasculares y tiene un producto disponible comercialmente, ARCALYST, aprobado para la pericarditis recurrente, una enfermedad cardiovascular. Además, Kiniksa está desarrollando KPL-387 para el tratamiento de la misma afección, lo que pone de relieve una inversión dedicada en esta área terapéutica. La empresa también patrocinó la iniciativa AHAs sobre pericarditis recurrente.","[{'name': 'knsa-Q125-10-Q', 'url': 'https://storage.googleapis.com/reflexivity-documents-prod/edgar/filing/10-q/knsa-Q125-10-Q.html'}, {'name': 'knsa-Q225-10-Q', 'url': 'https://storage.googleapis.com/reflexivity-documents-prod/edgar/filing/10-q/knsa-Q225-10-Q.html'}, {'name': 'knsa-FY24-10-K', 'url': 'https://storage.googleapis.com/reflexivity-documents-prod/edgar/filing/10-k/knsa-FY24-10-K.html'}]",712953347,USD,KNSA,SMART,STK,False,CAR
health,cardiovascular_disease,CH0334081137,CRISPR THERAPEUTICS AG,55,"Realiza investigación terapéutica aprovechando tecnologías de edición genética, lo que se cruza ampliamente con la comprensión científica de diversas enfermedades humanas complejas, incluidas las afecciones cardiovasculares.","La empresa está activamente comprometida en abordar las enfermedades cardiovasculares a través de sus programas in vivo, en particular CTX310 y CTX320, que utilizan una plataforma patentada de LNP para interrumpir ANGPTL3 y Lp(a), respectivamente. Estos programas se están investigando actualmente en ensayos clínicos para pacientes con afecciones como hipercolesterolemia, dislipidemias y Lp(a) elevada. Además, la empresa está avanzando con CTX340, que se dirige a la angiotensina para la hipertensión refractaria, lo que demuestra un enfoque multifacético para abordar las dolencias cardiovasculares.","[{'name': 'crsp-Q225-10-Q', 'url': 'https://storage.googleapis.com/reflexivity-documents-prod/edgar/filing/10-q/crsp-Q225-10-Q.html'}, {'name': 'crsp-Q125-10-Q', 'url': 'https://storage.googleapis.com/reflexivity-documents-prod/edgar/filing/10-q/crsp-Q125-10-Q.html'}, {'name': 'crsp-FY24-10-K', 'url': 'https://storage.googleapis.com/reflexivity-documents-prod/edgar/filing/10-k/crsp-FY24-10-K.html'}]",252260612,USD,CRSP,SMART,STK,False,CAR
health,cardiovascular_disease,US04280A1007,ARROWHEAD PHARMACEUTICALS IN,56,Participa en la investigación y desarrollo de soluciones terapéuticas para diversas afecciones cardiovasculares.,"El pipeline de Arrowhead demuestra su enfoque en las enfermedades cardiovasculares, presentando olpasiran, un candidato a fármaco con licencia externa a Amgen. La empresa también está desarrollando zodasiran, actualmente en ensayos clínicos de Fase III, como tratamiento potencial para la hipercolesterolemia familiar homocigótica, una afección que conduce a enfermedades cardiovasculares de aparición temprana. Además, Arrowhead tiene un Vicepresidente Senior y Director de la Franquicia Global Cardiometabólica dedicado, lo que indica un compromiso significativo de recursos para esta área terapéutica.","[{'name': 'arwr-Q125-10-Q', 'url': 'https://storage.googleapis.com/reflexivity-documents-prod/edgar/filing/10-q/arwr-Q125-10-Q.html'}, {'name': 'arwr-Q225-10-Q', 'url': 'https://storage.googleapis.com/reflexivity-documents-prod/edgar/filing/10-q/arwr-Q225-10-Q.html'}, {'name': 'arwr-Q325-10-Q', 'url': 'https://storage.googleapis.com/reflexivity-documents-prod/edgar/filing/10-q/arwr-Q325-10-Q.html'}, {'name': 'arwr-FY24-10-K', 'url': 'https://storage.googleapis.com/reflexivity-documents-prod/edgar/filing/10-k/arwr-FY24-10-K.html'}]",228571236,USD,ARWR,SMART,STK,True,CAR
health,cardiovascular_disease,US8636671013,STRYKER CORP,57,Está involucrado en el sector de enfermedades cardiovasculares.,,,4430948,USD,SYK,SMART,STK,True,CAR
health,cardiovascular_disease,US88023B1035,TEMPUS AI INC,58,Incorpora la Enfermedad Cardiovascular en su enfoque operativo.,"Tempus ha demostrado interés en el tema de Enfermedades Cardiovasculares a través de adquisiciones estratégicas y una visión para ampliar las capacidades de cribado. Específicamente, la adquisición de Ambry Genetics permite a Tempus ampliar su oferta de productos a la cardiología, junto con otras categorías de enfermedades. Además, Tempus prevé un futuro en el que la secuenciación se utilice regularmente para comprender el riesgo cardíaco hereditario y está considerando ampliar el cribado hereditario más allá del cáncer para incluir el riesgo cardíaco hereditario. La empresa también adquirió Mpirik, una empresa de tecnología sanitaria centrada en la cardiología especializada en cribado de pacientes basado en datos, coordinación de atención automatizada e investigación clínica.","[{'name': 'tem-Q225-10-Q', 'url': 'https://storage.googleapis.com/reflexivity-documents-prod/edgar/filing/10-q/tem-Q225-10-Q.html'}, {'name': 'tem-Q125-10-Q', 'url': 'https://storage.googleapis.com/reflexivity-documents-prod/edgar/filing/10-q/tem-Q125-10-Q.html'}]",709237125,USD,TEM,SMART,STK,False,CAR
health,cardiovascular_disease,BMG524411052,KESTRA MEDICAL TECHNOLOGIES,59,Desarrolla tecnologías médicas específicamente para el diagnóstico y manejo de afecciones cardiovasculares.,"La participación de Kestra Health en el tema de Enfermedades Cardiovasculares es significativa, impulsada principalmente por su enfoque en la transformación de los resultados de los pacientes a través de tecnologías de monitoreo e intervención terapéutica. El producto principal de la empresa, el sistema ASSURE, está diseñado para proteger a los pacientes en riesgo de paro cardíaco súbito, incluidos aquellos con afecciones como infarto de miocardio, fibrilación ventricular y arritmias. Kestra se enfoca explícitamente en enfermedades cardiovasculares con su plataforma Cardiac Recovery System y el ASSURE WCD, integrando monitoreo, tratamiento, salud digital y servicios de soporte. Las capacidades del sistema ASSURE para rastrear tendencias de frecuencia cardíaca, detectar ritmos peligrosos y administrar descargas que salvan vidas subrayan la dedicación de la empresa a abordar las afecciones cardiovasculares.","[{'name': 'kmts-Q325-10-Q', 'url': 'https://storage.googleapis.com/reflexivity-documents-prod/edgar/filing/10-q/kmts-Q325-10-Q.html'}]",766495600,USD,KMTS,SMART,STK,False,CAR
health,cardiovascular_disease,US07373V1052,BEAM THERAPEUTICS INC,60,Se enfoca en aspectos dentro del tema de Enfermedades Cardiovasculares.,"Beam Therapeutics colabora con Verve Therapeutics y Eli Lilly para avanzar en programas de edición genética centrados en enfermedades cardiovasculares, dirigidos a PCSK9, ANGPTL3 y un objetivo cardiovascular no revelado mediado por el hígado. Beam otorgó a Verve licencias exclusivas a nivel mundial para aplicaciones terapéuticas en humanos contra tres objetivos cardiovasculares mediados por el hígado, utilizando las tecnologías de edición de Beam. Si bien Beam ha transferido ciertos activos y derechos bajo el Acuerdo Verve a Eli Lilly, la empresa inicialmente celebró un acuerdo de colaboración y licencia con Verve Therapeutics, lo que indica su participación en la edición genética para tratamientos de enfermedades cardiovasculares.","[{'name': 'beam-Q225-10-Q', 'url': 'https://storage.googleapis.com/reflexivity-documents-prod/edgar/filing/10-q/beam-Q225-10-Q.html'}, {'name': 'beam-Q125-10-Q', 'url': 'https://storage.googleapis.com/reflexivity-documents-prod/edgar/filing/10-q/beam-Q125-10-Q.html'}, {'name': 'beam-FY24-10-K', 'url': 'https://storage.googleapis.com/reflexivity-documents-prod/edgar/filing/10-k/beam-FY24-10-K.html'}]",402800754,USD,BEAM,SMART,STK,False,CAR
health,cardiovascular_disease,US4330001060,HIMS & HERS HEALTH INC,61,Aborda el tema de las Enfermedades Cardiovasculares.,"Hims & Hers proporciona apoyo cardiovascular adyuvante como parte de su marca ampliada, que ha pasado de categorías nicho masculinas a abarcar una gama más amplia de necesidades de salud y bienestar. La compañía conecta la salud cardiovascular con otras especialidades, ofreciendo tratamientos multicon dición que incluyen beneficios como soporte vitamínico, prevención de la caída del cabello, soporte de testosterona y salud cardiovascular. Esto permite a Hims & Hers elevar la experiencia de sus suscriptores de salud sexual, quienes utilizan cada vez más sus ofertas diarias.",,466188387,USD,HIMS,SMART,STK,True,CAR
health,cardiovascular_disease,US4050241003,HAEMONETICS CORP/MASS,62,Contribuye a la atención cardiovascular al proporcionar soluciones de gestión de sangre y plasma esenciales para intervenciones quirúrgicas y recuperación de pacientes.,"Haemonetics demuestra su compromiso con el tema de Enfermedades Cardiovasculares a través de sus tecnologías intervencionistas y productos de cierre vascular. La adquisición de OpSens por parte de la empresa por aproximadamente $254.5 millones aportó productos como SavvyWire y OptoWire, utilizados en procedimientos TAVR y para diagnosticar/tratar enfermedades de las arterias coronarias. Además, los productos de cierre vascular de Haemonetics, incluidos VASCADE MVP y MVP XL, se utilizan en procedimientos coronarios y periféricos. La tecnología ensoETM de Attune Medical también contribuye a este tema, ya que está diseñada para su uso en tratamientos de electrofisiología.","[{'name': 'hae-Q225-10-Q', 'url': 'https://storage.googleapis.com/reflexivity-documents-prod/edgar/filing/10-q/hae-Q225-10-Q.html'}, {'name': 'hae-FY25-10-K', 'url': 'https://storage.googleapis.com/reflexivity-documents-prod/edgar/filing/10-k/hae-FY25-10-K.html'}, {'name': 'hae-Q325-10-Q', 'url': 'https://storage.googleapis.com/reflexivity-documents-prod/edgar/filing/10-q/hae-Q325-10-Q.html'}]",7884,USD,HAE,SMART,STK,True,CAR
