industry,theme,isin_code,name,rank,description,evidence,evidenceSources,ib_conid,currency,symbol,exchange,assetType,navigable,theme_id
technology,cybersecurity,US6974351057,PALO ALTO NETWORKS INC,1,Ofrece plataformas integrales de ciberseguridad y es un impulsor clave de la innovación en la protección de infraestructuras digitales.,"El negocio principal de Palo Alto Networks gira en torno a la ciberseguridad, como lo demuestra su misión de empoderar a diversas entidades para protegerse contra amenazas cibernéticas a través de sus plataformas y servicios de ciberseguridad. El enfoque de la empresa incluye la seguridad de redes, la seguridad en la nube y las operaciones de seguridad, utilizando IA y automatización para mejorar la detección de amenazas y los resultados generales de seguridad. Palo Alto Networks enfatiza su compromiso de proporcionar soluciones integrales de ciberseguridad, como lo destacan sus plataformas diseñadas para proteger a usuarios, redes, nubes y puntos finales.","[{'name': 'panw-Q324-10-Q', 'url': 'https://storage.googleapis.com/reflexivity-documents-prod/edgar/filing/10-q/panw-Q324-10-Q.html'}, {'name': 'panw-Q325-10-Q', 'url': 'https://storage.googleapis.com/reflexivity-documents-prod/edgar/filing/10-q/panw-Q325-10-Q.html'}, {'name': 'panw-Q125-10-Q', 'url': 'https://storage.googleapis.com/reflexivity-documents-prod/edgar/filing/10-q/panw-Q125-10-Q.html'}, {'name': 'panw-FY24-10-K', 'url': 'https://storage.googleapis.com/reflexivity-documents-prod/edgar/filing/10-k/panw-FY24-10-K.html'}]",110619459,USD,PANW,SMART,STK,True,CYB
technology,cybersecurity,US22788C1053,CROWDSTRIKE HOLDINGS INC - A,2,"Ofrece soluciones de ciberseguridad nativas de la nube para la protección de puntos finales y cargas de trabajo en la nube, detección de amenazas y respuesta a incidentes, salvaguardando a las organizaciones contra amenazas cibernéticas avanzadas.","La fuerte alineación de CrowdStrike con el tema de la ciberseguridad es evidente, ya que la empresa se identifica como líder mundial en ciberseguridad, ofreciendo una plataforma nativa de IA diseñada específicamente para detener brechas. CrowdStrike ha reinventado la ciberseguridad para la era de la nube, transformando cómo se entrega y experimenta. La plataforma Falcon de la empresa, diseñada para prevenir amenazas en tiempo real, es fundamental para su oferta de SaaS, y los ingresos por suscripción de la plataforma representan una parte significativa de los ingresos totales.","[{'name': 'crwd-FY23-10-K', 'url': 'https://storage.googleapis.com/reflexivity-documents-prod/edgar/filing/10-k/crwd-FY23-10-K.html'}, {'name': 'crwd-Q225-10-Q', 'url': 'https://storage.googleapis.com/reflexivity-documents-prod/edgar/filing/10-q/crwd-Q225-10-Q.html'}, {'name': 'crwd-Q325-10-Q', 'url': 'https://storage.googleapis.com/reflexivity-documents-prod/edgar/filing/10-q/crwd-Q325-10-Q.html'}, {'name': 'crwd-Q125-10-Q', 'url': 'https://storage.googleapis.com/reflexivity-documents-prod/edgar/filing/10-q/crwd-Q125-10-Q.html'}]",370757467,USD,CRWD,SMART,STK,True,CYB
technology,cybersecurity,US34959E1091,FORTINET INC,3,Ofrece una cartera integral de soluciones y servicios de seguridad integrados diseñados para proteger a las organizaciones de las amenazas cibernéticas en evolución en toda su superficie de ataque digital.,"El enfoque principal de Fortinet es la ciberseguridad, como lo demuestra su autoidentificación como líder en el campo y su misión de proteger personas, dispositivos y datos en todas partes. El Fortinet Security Fabric integrado de la compañía abarca redes seguras, SASE unificado y operaciones de seguridad impulsadas por IA, con más de 6.900 nuevas organizaciones que eligen su plataforma FortiOS para estrategias de ciberseguridad. El compromiso de Fortinet se demuestra aún más a través de sus FortiGuard Labs, una organización dedicada a la inteligencia y la investigación de amenazas de ciberseguridad, y su posición como el proveedor de firewalls número 1 desplegado a nivel mundial, con una fuerte demanda de sus soluciones de ciberseguridad a pesar de las incertidumbres geopolíticas.","[{'name': 'ftnt-Q225-10-Q', 'url': 'https://storage.googleapis.com/reflexivity-documents-prod/edgar/filing/10-q/ftnt-Q225-10-Q.html'}, {'name': 'ftnt-Q324-10-Q', 'url': 'https://storage.googleapis.com/reflexivity-documents-prod/edgar/filing/10-q/ftnt-Q324-10-Q.html'}, {'name': 'ftnt-Q125-10-Q', 'url': 'https://storage.googleapis.com/reflexivity-documents-prod/edgar/filing/10-q/ftnt-Q125-10-Q.html'}, {'name': 'ftnt-FY24-10-K', 'url': 'https://storage.googleapis.com/reflexivity-documents-prod/edgar/filing/10-k/ftnt-FY24-10-K.html'}]",70236214,USD,FTNT,SMART,STK,True,CYB
technology,cybersecurity,US5949181045,MICROSOFT CORP,4,"Proporciona soluciones integrales de ciberseguridad, que incluyen gestión de identidades, protección contra amenazas y gobernanza de datos, integradas en sus servicios en la nube y plataformas empresariales para salvaguardar activos digitales.","El compromiso de Microsoft con la ciberseguridad es evidente a través de varias iniciativas y capacidades. La empresa enfatiza la seguridad como una prioridad principal, demostrada por su Iniciativa Futuro Seguro y la introducción de agentes de Security Copilot que procesan 84 billones de señales de amenaza diarias. Microsoft ha lanzado más de 100 nuevas capacidades y ha agregado un lago de datos moderno a Microsoft Sentinel, mejorando la integración de datos en varias herramientas. Además, la empresa protege casi 2 millones de aplicaciones de IA con Defender, respalda la protección de datos para los clientes de Microsoft 365 Copilot a través de Purview y atiende a casi 1.5 millones de clientes de seguridad, lo que refleja su presencia significativa y las continuas ganancias de cuota de mercado en el panorama de la ciberseguridad.","[{'name': 'msft-Q225-10-Q', 'url': 'https://storage.googleapis.com/reflexivity-documents-prod/edgar/filing/10-q/msft-Q225-10-Q.html'}, {'name': 'msft-FY25-10-K', 'url': 'https://storage.googleapis.com/reflexivity-documents-prod/edgar/filing/10-k/msft-FY25-10-K.html'}]",272093,USD,MSFT,SMART,STK,True,CYB
technology,cybersecurity,US17275R1023,CISCO SYSTEMS INC,5,"Proporciona una cartera integral de productos y servicios de seguridad, que incluyen seguridad de red, protección contra amenazas y gestión de identidades, cruciales para proteger la infraestructura empresarial y del sector público.","El enfoque de Cisco en la ciberseguridad es evidente a través de varias iniciativas clave. Los pedidos de seguridad de la compañía han aumentado significativamente, impulsados por la integración de Splunk y la alta demanda de productos como firewalls actualizados. Cisco está innovando activamente en ciberseguridad impulsada por IA, como lo demuestra el lanzamiento de AI Defense, diseñado para proteger contra el uso indebido de IA y amenazas sofisticadas. Además, Cisco está integrando la seguridad de extremo a extremo, utilizando soluciones como Cisco AI Defense y Hybrid Mesh Firewall, para permitir a los clientes empresariales construir y asegurar centros de datos para el desarrollo de cargas de trabajo de IA.","[{'name': 'csco-Q225-10-Q', 'url': 'https://storage.googleapis.com/reflexivity-documents-prod/edgar/filing/10-q/csco-Q225-10-Q.html'}, {'name': 'csco-Q325-10-Q', 'url': 'https://storage.googleapis.com/reflexivity-documents-prod/edgar/filing/10-q/csco-Q325-10-Q.html'}, {'name': 'csco-FY24-10-K', 'url': 'https://storage.googleapis.com/reflexivity-documents-prod/edgar/filing/10-k/csco-FY24-10-K.html'}, {'name': 'csco-Q125-10-Q', 'url': 'https://storage.googleapis.com/reflexivity-documents-prod/edgar/filing/10-q/csco-Q125-10-Q.html'}]",268084,USD,CSCO,SMART,STK,True,CYB
technology,cybersecurity,US98980G1022,ZSCALER INC,6,"Proporciona una plataforma nativa en la nube que ofrece seguridad de confianza cero, permitiendo el acceso seguro a aplicaciones y datos para empresas a nivel mundial.","El fuerte compromiso de Zscaler con el tema de Ciberseguridad es evidente en su negocio principal, que gira en torno a la provisión de una plataforma para seguridad Zero Trust, seguridad de datos y seguridad de IA. La plataforma Zero Trust Exchange de la empresa, diseñada para cambiar fundamentalmente el enfoque arquitectónico de redes y seguridad, protege a un gran número de usuarios y procesa billones de transacciones, bloqueando miles de millones de amenazas. Dado que los clientes priorizan la protección cibernética y de datos, la plataforma de Zscaler asegura una parte significativa de las principales empresas globales y aborda los desafíos de seguridad emergentes, incluidas las amenazas relacionadas con la IA, lo que demuestra su compromiso con la innovación en el panorama de la ciberseguridad.","[{'name': 'zs-Q125-10-Q', 'url': 'https://storage.googleapis.com/reflexivity-documents-prod/edgar/filing/10-q/zs-Q125-10-Q.html'}, {'name': 'zs-Q325-10-Q', 'url': 'https://storage.googleapis.com/reflexivity-documents-prod/edgar/filing/10-q/zs-Q325-10-Q.html'}]",310621426,USD,ZS,SMART,STK,False,CYB
technology,cybersecurity,US02079K3059,ALPHABET INC-CL A,7,"Proporciona amplias medidas de ciberseguridad en su diverso ecosistema de productos, incluidos Android, Chrome y Google Cloud, al tiempo que ofrece soluciones avanzadas de seguridad empresarial y contribuye a la inteligencia global de amenazas.","El compromiso de Google con la ciberseguridad es evidente a través de su Plataforma Google Cloud, que ofrece soluciones de ciberseguridad. Esto se ve reforzado por la integración de Gemini AI para detectar malware y priorizar amenazas, mejorando los flujos de trabajo de investigación. Además, la intención de Google de adquirir Wiz, una plataforma de seguridad en la nube, señala un compromiso para fortalecer sus capacidades de ciberseguridad y proteger a las organizaciones en diversos entornos de nube. Adicionalmente, organizaciones como Target están aprovechando la inteligencia de amenazas de Google impulsada por Gemini para reforzar sus medidas de ciberseguridad.","[{'name': 'googl-Q125-10-Q', 'url': 'https://storage.googleapis.com/reflexivity-documents-prod/edgar/filing/10-q/googl-Q125-10-Q.html'}, {'name': 'googl-Q324-10-Q', 'url': 'https://storage.googleapis.com/reflexivity-documents-prod/edgar/filing/10-q/googl-Q324-10-Q.html'}, {'name': 'googl-Q225-10-Q', 'url': 'https://storage.googleapis.com/reflexivity-documents-prod/edgar/filing/10-q/googl-Q225-10-Q.html'}, {'name': 'googl-FY24-10-K', 'url': 'https://storage.googleapis.com/reflexivity-documents-prod/edgar/filing/10-k/googl-FY24-10-K.html'}]",208813719,USD,GOOGL,SMART,STK,True,CYB
technology,cybersecurity,US00971T1016,AKAMAI TECHNOLOGIES INC,8,Proporciona soluciones dentro del dominio de la Ciberseguridad.,"La participación de Akamai en ciberseguridad es evidente a través de la provisión de soluciones de protección en línea a través de su plataforma distribuida de borde y nube. Las soluciones de seguridad son un componente central de las ofertas de Akamai, contribuyendo significativamente al crecimiento de los ingresos, particularmente a través de la seguridad de aplicaciones y las soluciones de segmentación de Guardicore. El compromiso de la empresa se demuestra aún más por el desarrollo de soluciones especializadas como el Firewall para IA, diseñado para proteger las aplicaciones de IA de amenazas emergentes, y su reconocimiento como Favorito del Cliente en el Forrester Wave para Plataformas Zero Trust. Además, Akamai está asignando estratégicamente recursos y reinvirtiendo en personal para respaldar sus soluciones de seguridad en expansión, lo que subraya su enfoque en la ciberseguridad como un impulsor clave de los ingresos y el crecimiento estratégico.","[{'name': 'akam-Q125-10-Q', 'url': 'https://storage.googleapis.com/reflexivity-documents-prod/edgar/filing/10-q/akam-Q125-10-Q.html'}, {'name': 'akam-Q324-10-Q', 'url': 'https://storage.googleapis.com/reflexivity-documents-prod/edgar/filing/10-q/akam-Q324-10-Q.html'}, {'name': 'akam-Q225-10-Q', 'url': 'https://storage.googleapis.com/reflexivity-documents-prod/edgar/filing/10-q/akam-Q225-10-Q.html'}, {'name': 'akam-FY24-10-K', 'url': 'https://storage.googleapis.com/reflexivity-documents-prod/edgar/filing/10-k/akam-FY24-10-K.html'}]",6220356,USD,AKAM,SMART,STK,True,CYB
technology,cybersecurity,IL0010824113,CHECK POINT SOFTWARE TECH,9,"Desarrolla y ofrece una amplia cartera de soluciones de ciberseguridad para proteger redes, entornos en la nube, puntos finales y dispositivos móviles contra amenazas avanzadas.","La dedicación de Check Point a la ciberseguridad es evidente a través de múltiples iniciativas. La empresa tiene como objetivo liderar el futuro de la ciberseguridad, centrándose en asegurar un mundo hiperconectado en la era de la IA y lanzando seguridad GenAI. Esto está respaldado por cuatro principios rectores, que incluyen asegurar el tejido de conectividad, un espíritu de prevención primero, una filosofía de plataforma abierta y un enfoque de seguridad centrado en la IA. Los cortafuegos Quantum Force impulsados por IA han mostrado un crecimiento robusto, y la adquisición de Veriti mejora su pila de prevención con inteligencia automatizada de amenazas y remediación en tiempo real, solidificando aún más su posición en la prevención preventiva y la gestión de la exposición a amenazas. La adquisición de Cyberint y el énfasis en un enfoque de 'prevención primero', junto con la contratación de talento en IA y ciberseguridad, subrayan el compromiso de la empresa.",,4172987,USD,CHKP,SMART,STK,False,CYB
technology,cybersecurity,US18915M1071,CLOUDFLARE INC - CLASS A,10,"Proporciona un conjunto completo de servicios de seguridad, que incluyen protección DDoS, firewalls de aplicaciones web, gestión de bots y soluciones de confianza cero, para salvaguardar activos e infraestructura en línea.","El compromiso de Cloudflare con la ciberseguridad es evidente en su misión principal de construir un internet mejor y más seguro, ofreciendo una gama de servicios de seguridad a empresas de todos los tamaños. Su red actúa como un plano de control unificado, proporcionando seguridad, rendimiento y fiabilidad en diversas aplicaciones, con servicios que incluyen WAF, mitigación de DDoS e inteligencia de amenazas. Este énfasis se demuestra aún más con inversiones sustanciales en su infraestructura de red global para apoyar el crecimiento del negocio y el cierre de contratos significativos para Zero Trust y otras soluciones de seguridad con clientes importantes, incluidas empresas Fortune 100 y entidades gubernamentales, lo que resalta la alta priorización de la seguridad por parte de sus clientes.","[{'name': 'net-Q125-10-Q', 'url': 'https://storage.googleapis.com/reflexivity-documents-prod/edgar/filing/10-q/net-Q125-10-Q.html'}, {'name': 'net-Q225-10-Q', 'url': 'https://storage.googleapis.com/reflexivity-documents-prod/edgar/filing/10-q/net-Q225-10-Q.html'}, {'name': 'net-FY24-10-K', 'url': 'https://storage.googleapis.com/reflexivity-documents-prod/edgar/filing/10-k/net-FY24-10-K.html'}]",382633646,USD,NET,SMART,STK,False,CYB
technology,cybersecurity,US6687711084,GEN DIGITAL INC,11,Proporciona soluciones y servicios críticos para el sector de la ciberseguridad.,"El enfoque de Gen en la ciberseguridad es evidente en su Plataforma de Ciberseguridad, que representa una parte significativa de sus ingresos e incluye soluciones de seguridad y privacidad. La compañía está invirtiendo activamente para mantenerse a la vanguardia de las amenazas cibernéticas en evolución a través de investigación proactiva, respuesta rápida e innovación impulsada por IA, incluida la detección de estafas de deepfake en tiempo real. Este compromiso está impulsado por la creciente sofisticación del cibercrimen, como el ransomware y las estafas asistidas por IA, y la necesidad de proteger los datos de los consumidores.",,390332324,USD,GEN,SMART,STK,True,CYB
technology,cybersecurity,US11135F1012,BROADCOM INC,12,Contribuye a la industria de la ciberseguridad.,"La participación de Broadcom en la ciberseguridad es evidente a través de su segmento de software de infraestructura, que incorpora soluciones de ciberseguridad. Este segmento se enfoca en permitir a los clientes planificar, desarrollar, entregar, automatizar, administrar y asegurar aplicaciones en diversas plataformas, incluidos entornos mainframe, distribuidos, de borde, móviles y de nube privada e híbrida. La cartera de Broadcom incluye software de infraestructura y seguridad líder en la industria diseñado para modernizar, optimizar y asegurar entornos de nube privada e híbrida complejos, enfatizando la escalabilidad, la agilidad, la automatización, la información, la resiliencia y la seguridad.","[{'name': 'avgo-Q324-10-Q', 'url': 'https://storage.googleapis.com/reflexivity-documents-prod/edgar/filing/10-q/avgo-Q324-10-Q.html'}, {'name': 'avgo-Q224-10-Q', 'url': 'https://storage.googleapis.com/reflexivity-documents-prod/edgar/filing/10-q/avgo-Q224-10-Q.html'}, {'name': 'avgo-Q225-10-Q', 'url': 'https://storage.googleapis.com/reflexivity-documents-prod/edgar/filing/10-q/avgo-Q225-10-Q.html'}]",313130367,USD,AVGO,SMART,STK,True,CYB
technology,cybersecurity,US81730H1095,SENTINELONE INC -CLASS A,13,"Ofrece una plataforma de ciberseguridad autónoma líder que aprovecha la inteligencia artificial y el aprendizaje automático para detectar, prevenir y responder a amenazas cibernéticas en puntos de conexión, cargas de trabajo en la nube e identidades.","SentinelOne se enfoca considerablemente en la ciberseguridad, como lo demuestra su misión fundacional de crear un nuevo enfoque para la ciberseguridad. La compañía ha sido pionera en la primera plataforma de detección y respuesta extendida (XDR) impulsada por IA del mundo, llamada Singularity Platform, para hacer que la defensa de la ciberseguridad sea autónoma. SentinelOne se ha establecido como líder tecnológico en ciberseguridad, lo que se refleja en la creciente demanda de su plataforma impulsada por IA y su enfoque implacable en innovaciones impulsadas por IA.","[{'name': 's-Q325-10-Q', 'url': 'https://storage.googleapis.com/reflexivity-documents-prod/edgar/filing/10-q/s-Q325-10-Q.html'}, {'name': 's-Q126-10-Q', 'url': 'https://storage.googleapis.com/reflexivity-documents-prod/edgar/filing/10-q/s-Q126-10-Q.html'}, {'name': 's-FY25-10-K', 'url': 'https://storage.googleapis.com/reflexivity-documents-prod/edgar/filing/10-k/s-FY25-10-K.html'}]",499640681,USD,S,SMART,STK,False,CYB
technology,cybersecurity,US92343E1029,VERISIGN INC,14,"Desempeña un papel crucial en la seguridad de la infraestructura fundamental de Internet, incluidos los sistemas críticos de nombres de dominio, lo que es esencial para la ciberseguridad global.","Las operaciones de VeriSign están significativamente influenciadas por el panorama de la ciberseguridad, como lo demuestra su compromiso de mantener la estabilidad y seguridad de la infraestructura crítica de Internet en un entorno desafiante de amenazas cibernéticas. La empresa prioriza responder a las consultas DNS con un 100% de disponibilidad y precisión, lo que se refleja en su enfoque cauteloso para implementar herramientas de IA, enfatizando la seguridad, la estabilidad y la evitación de puntos únicos de falla. Este enfoque se ve aún más respaldado por un aumento en los gastos relacionados con la seguridad de la red y otros servicios de software, lo que destaca la inversión de la empresa en la protección de su infraestructura. VeriSign también se distingue al evitar depender de servicios en la nube pública y diseñar una capacidad excesiva para garantizar una alta disponibilidad, lo que subraya la importancia estratégica de la ciberseguridad para su misión principal.","[{'name': 'vrsn-FY24-10-K', 'url': 'https://storage.googleapis.com/reflexivity-documents-prod/edgar/filing/10-k/vrsn-FY24-10-K.html'}]",4173050,USD,VRSN,SMART,STK,True,CYB
technology,cybersecurity,US6792951054,OKTA INC,15,"Se enfoca en soluciones de gestión de identidad y acceso, permitiendo a las organizaciones conectar de forma segura a las personas con la tecnología y salvaguardar las interacciones digitales contra amenazas cibernéticas.","La plataforma de Okta pone un énfasis significativo en la ciberseguridad, considerando la identidad como la capa más crítica de la seguridad de una organización, especialmente con el cambio hacia modelos de Confianza Cero. Esto está respaldado por el Compromiso de Identidad Segura de Okta, que lidera la lucha contra los ciberataques basados en la identidad, y el análisis de la actividad de amenazas por parte del equipo de inteligencia de amenazas de la empresa. La empresa ayuda a los clientes a simplificar y escalar eficientemente sus infraestructuras de seguridad, ofreciendo Protección contra Amenazas de Identidad y Gestión de la Postura de Seguridad de Identidad. La plataforma de Okta se integra con una vasta red de más de 7.000 aplicaciones en la nube, móviles y web, así como con proveedores de infraestructura y seguridad de TI.","[{'name': 'okta-Q325-10-Q', 'url': 'https://storage.googleapis.com/reflexivity-documents-prod/edgar/filing/10-q/okta-Q325-10-Q.html'}, {'name': 'okta-Q126-10-Q', 'url': 'https://storage.googleapis.com/reflexivity-documents-prod/edgar/filing/10-q/okta-Q126-10-Q.html'}, {'name': 'okta-FY25-10-K', 'url': 'https://storage.googleapis.com/reflexivity-documents-prod/edgar/filing/10-k/okta-FY25-10-K.html'}]",272356196,USD,OKTA,SMART,STK,True,CYB
technology,cybersecurity,US0231351067,AMAZON.COM INC,16,"Ofrece una suite integral de servicios e infraestructura de ciberseguridad a través de su plataforma en la nube, protegiendo los datos y aplicaciones de los clientes y permitiendo operaciones seguras para empresas globales.","AWS de Amazon enfatiza la seguridad como un diferenciador clave, particularmente en lo que respecta a la privacidad y seguridad de los datos en la nube. Esto se ve subrayado por las afirmaciones de resultados de seguridad superiores en comparación con otros proveedores. Si bien la seguridad se considera un aspecto vital de las ofertas de AWS, no se destaca explícitamente como una prioridad estratégica de primer nivel, aunque la oferta integral de IA de AWS incluye implícitamente consideraciones de seguridad y personal.",,3691937,USD,AMZN,SMART,STK,True,CYB
technology,cybersecurity,CA09228F1036,BLACKBERRY LTD,17,"Proporciona soluciones integrales de ciberseguridad, incluida la protección de puntos finales, la detección de amenazas y la comunicación segura, cruciales para proteger a empresas y gobiernos de las amenazas cibernéticas en evolución.","El compromiso de BlackBerry con la ciberseguridad es evidente a través de su segmento de Comunicaciones Seguras, que incluye soluciones de gestión unificada de puntos finales, SecuSUITE y AtHoc. La empresa aprovecha la inteligencia artificial y el aprendizaje automático para ofrecer soluciones avanzadas de ciberseguridad. BlackBerry Certicom emplea criptografía de curva elíptica patentada para proporcionar seguridad y autenticación de dispositivos, salvaguardando vehículos, infraestructura crítica y despliegues de IoT. Aunque BlackBerry completó la venta de sus activos de seguridad de puntos finales Cylance a Arctic Wolf, todavía demuestra iniciativas de ciberseguridad a través de la inversión del Gobierno de Canadá en el Centro de Excelencia de Ciberseguridad de Malasia.","[{'name': 'bb-Q325-10-Q', 'url': 'https://storage.googleapis.com/reflexivity-documents-prod/edgar/filing/10-q/bb-Q325-10-Q.html'}, {'name': 'bb-FY25-10-K', 'url': 'https://storage.googleapis.com/reflexivity-documents-prod/edgar/filing/10-k/bb-FY25-10-K.html'}, {'name': 'bb-Q125-10-Q', 'url': 'https://storage.googleapis.com/reflexivity-documents-prod/edgar/filing/10-q/bb-Q125-10-Q.html'}]",131217645,CAD,BB,SMART,STK,False,CYB
technology,cybersecurity,US74758T3032,QUALYS INC,18,"Ofrece un conjunto integral de soluciones basadas en la nube para la seguridad y el cumplimiento de TI, lo que permite a las organizaciones identificar vulnerabilidades, monitorear el estado de seguridad y protegerse contra amenazas cibernéticas.","Qualys está profundamente involucrada en el tema de la ciberseguridad, principalmente a través de su plataforma basada en la nube que ofrece soluciones de TI, seguridad y cumplimiento. La misión principal de la empresa gira en torno a permitir a las organizaciones identificar riesgos de seguridad, proteger los sistemas de TI de los ciberataques y garantizar el cumplimiento de las regulaciones. Qualys también está liderando una nueva categoría de centro de operaciones de riesgo en ciberseguridad, redefiniendo cómo las organizaciones gestionan el riesgo cibernético con su plataforma Agentic AI y procesando más de 18 billones de puntos de datos para optimizar los programas de gestión de riesgos de ciberseguridad.","[{'name': 'qlys-Q125-10-Q', 'url': 'https://storage.googleapis.com/reflexivity-documents-prod/edgar/filing/10-q/qlys-Q125-10-Q.html'}, {'name': 'qlys-Q225-10-Q', 'url': 'https://storage.googleapis.com/reflexivity-documents-prod/edgar/filing/10-q/qlys-Q225-10-Q.html'}, {'name': 'qlys-Q324-10-Q', 'url': 'https://storage.googleapis.com/reflexivity-documents-prod/edgar/filing/10-q/qlys-Q324-10-Q.html'}, {'name': 'qlys-FY24-10-K', 'url': 'https://storage.googleapis.com/reflexivity-documents-prod/edgar/filing/10-k/qlys-FY24-10-K.html'}]",114814349,USD,QLYS,SMART,STK,True,CYB
technology,cybersecurity,IL0011334468,CYBERARK SOFTWARE LTD/ISRAEL,19,"Proporciona soluciones de gestión de acceso privilegiado que protegen activos y datos críticos de amenazas cibernéticas, mejorando la postura general de ciberseguridad para las organizaciones.","La ciberseguridad es un enfoque crítico para CyberArk, como lo demuestra su papel central en la Seguridad de Identidades, que se considera una inversión no discrecional y un elemento fundamental para la continuidad del negocio, la confianza del cliente y el cumplimiento normativo. La plataforma de la empresa está diseñada para proteger todas las identidades, incluidas las humanas, las de máquinas y las de IA, abordando la creciente necesidad de que las organizaciones consoliden las herramientas de seguridad en respuesta al panorama de amenazas en evolución. Dado que la gran mayoría de las organizaciones experimentan brechas relacionadas con la identidad, las soluciones de Seguridad de Identidades de CyberArk son esenciales para cualquier estrategia moderna de ciberseguridad.",,168078418,USD,CYBR,SMART,STK,False,CYB
technology,cybersecurity,JP3637300009,TREND MICRO INC,20,Desarrolla y ofrece una amplia gama de soluciones de ciberseguridad para proteger a individuos y organizaciones de las amenazas digitales en constante evolución.,,,14015793,JPY,4704,SMART,STK,False,CYB
technology,cybersecurity,US88025T1025,TENABLE HOLDINGS INC,21,Proporciona soluciones integrales de ciberseguridad que permiten a las organizaciones comprender y reducir su exposición al riesgo cibernético.,"El negocio de Tenable se centra en la ciberseguridad, ya que la empresa es un proveedor líder de soluciones de gestión de exposición que unifican la visibilidad de la seguridad y ayudan a las organizaciones a cerrar las brechas de ciberseguridad. La plataforma de la empresa se basa en la cobertura de vulnerabilidades de su equipo de investigación de expertos en ciberseguridad y ciencia de datos. Las suscripciones de software de Tenable, que representan una parte significativa de sus ingresos, dependen de actualizaciones continuas para identificar las últimas vulnerabilidades de ciberseguridad. La plataforma de gestión de exposición de la empresa proporciona una visión unificada del riesgo cibernético de una organización, lo que les permite priorizar y remediar las exposiciones críticas.","[{'name': 'tenb-Q125-10-Q', 'url': 'https://storage.googleapis.com/reflexivity-documents-prod/edgar/filing/10-q/tenb-Q125-10-Q.html'}, {'name': 'tenb-FY24-10-K', 'url': 'https://storage.googleapis.com/reflexivity-documents-prod/edgar/filing/10-k/tenb-FY24-10-K.html'}, {'name': 'tenb-Q225-10-Q', 'url': 'https://storage.googleapis.com/reflexivity-documents-prod/edgar/filing/10-q/tenb-Q225-10-Q.html'}]",327422072,USD,TENB,SMART,STK,False,CYB
technology,cybersecurity,US0258161092,AMERICAN EXPRESS CO,22,Aborda la ciberseguridad dentro de su marco operativo.,"American Express demuestra su compromiso con la ciberseguridad a través de varias iniciativas clave. El programa de Riesgo Tecnológico y Seguridad de la Información (TRIS) de la empresa está diseñado para garantizar la seguridad, confidencialidad, integridad y disponibilidad de su información y sistemas, protegiendo contra amenazas y acceso no autorizado. AXP también reconoce los crecientes riesgos de ciberseguridad que enfrentan las instituciones financieras globales y la necesidad de medidas sólidas de seguridad de la información, lo que se refleja en sus esfuerzos continuos para evaluar los riesgos cibernéticos, mejorar las capacidades de ciberseguridad y participar en foros industriales y gubernamentales. Además, la empresa invierte en capacidades y tecnología de gestión de riesgos empresariales para respaldar el crecimiento del negocio, siendo la prevención de fraudes un aspecto notable de sus ofertas de productos y servicios.","[{'name': 'axp-Q324-10-Q', 'url': 'https://storage.googleapis.com/reflexivity-documents-prod/edgar/filing/10-q/axp-Q324-10-Q.html'}, {'name': 'axp-Q125-10-Q', 'url': 'https://storage.googleapis.com/reflexivity-documents-prod/edgar/filing/10-q/axp-Q125-10-Q.html'}, {'name': 'axp-Q225-10-Q', 'url': 'https://storage.googleapis.com/reflexivity-documents-prod/edgar/filing/10-q/axp-Q225-10-Q.html'}, {'name': 'axp-FY24-10-K', 'url': 'https://storage.googleapis.com/reflexivity-documents-prod/edgar/filing/10-k/axp-FY24-10-K.html'}]",4721,USD,AXP,SMART,STK,True,CYB
technology,cybersecurity,US75513E1010,RTX CORP,23,"Desarrolla e implementa soluciones avanzadas de ciberseguridad esenciales para proteger la infraestructura crítica, los sistemas de defensa y los activos digitales contra amenazas en evolución.","La participación de RTX en el tema de Ciberseguridad es limitada, principalmente debido a la venta de su negocio de Ciberseguridad, Inteligencia y Servicios (CIS) dentro del segmento de Raytheon, que se completó en el primer trimestre de 2024. Esta desinversión afectó significativamente las ventas netas, representando una disminución de $1.3 mil millones en 2024 en comparación con 2023. Además, Raytheon Company y RTX están obligados a mantener un monitor de cumplimiento independiente debido a un acuerdo de resolución de DPA y False Claims Act (FCA) con el DOJ.","[{'name': 'rtx-Q125-10-Q', 'url': 'https://storage.googleapis.com/reflexivity-documents-prod/edgar/filing/10-q/rtx-Q125-10-Q.html'}, {'name': 'rtx-Q324-10-Q', 'url': 'https://storage.googleapis.com/reflexivity-documents-prod/edgar/filing/10-q/rtx-Q324-10-Q.html'}, {'name': 'rtx-FY24-10-K', 'url': 'https://storage.googleapis.com/reflexivity-documents-prod/edgar/filing/10-k/rtx-FY24-10-K.html'}]",415342104,USD,RTX,SMART,STK,True,CYB
technology,cybersecurity,US0605051046,BANK OF AMERICA CORP,24,"Prioriza medidas sólidas de ciberseguridad para salvaguardar datos financieros sensibles e infraestructura crítica de las amenazas cibernéticas, garantizando la integridad y seguridad de sus operaciones y activos de los clientes.","La participación de Bank of America en el tema de Ciberseguridad se ve subrayada por la dedicación de considerables recursos para gestionar los riesgos de ciberseguridad, utilizando su fuerza laboral global y centros de operaciones cibernéticas 24/7. La empresa reconoce el impacto potencial de los incidentes de ciberseguridad en sus operaciones y sistemas de información, así como los de terceros, incluidos reguladores y gobiernos federales y estatales. Si bien la ciberseguridad se identifica como un factor de riesgo, la empresa no especifica ningún enfoque propietario o exclusivo.","[{'name': 'bac-Q125-10-Q', 'url': 'https://storage.googleapis.com/reflexivity-documents-prod/edgar/filing/10-q/bac-Q125-10-Q.html'}, {'name': 'bac-FY24-10-K', 'url': 'https://storage.googleapis.com/reflexivity-documents-prod/edgar/filing/10-k/bac-FY24-10-K.html'}]",10098,USD,BAC,SMART,STK,True,CYB
technology,cybersecurity,US4592001014,INTL BUSINESS MACHINES CORP,25,"Proporciona amplias soluciones de ciberseguridad, incluida inteligencia de amenazas, software de seguridad y servicios administrados, para proteger entornos de nube híbrida y datos empresariales.","El enfoque de IBM en la ciberseguridad es evidente a través de su plataforma IBM Z, que ofrece IA, seguridad y capacidad escalable. Los clientes invierten en IBM Z por su fiabilidad, escalabilidad, seguridad y rendimiento, integrándose perfectamente con las estrategias de nube híbrida e IA. El próximo lanzamiento de z17 incluye nuevas funciones de seguridad para proteger los datos, junto con aceleración de IA y usabilidad mejorada del sistema. La suite de automatización de IBM aborda el costo, el rendimiento y la resiliencia dentro de las arquitecturas de nube híbrida, y z17 ofrece IA mejorada y nuevas funciones de seguridad.","[{'name': 'ibm-Q125-10-Q', 'url': 'https://storage.googleapis.com/reflexivity-documents-prod/edgar/filing/10-q/ibm-Q125-10-Q.html'}]",8314,USD,IBM,SMART,STK,True,CYB
technology,cybersecurity,US81762P1021,SERVICENOW INC,26,"Ofrece soluciones que agilizan la respuesta a incidentes de seguridad, la gestión de vulnerabilidades y los procesos de gobernanza, riesgo y cumplimiento (GRC) para reforzar las defensas cibernéticas.","El compromiso de ServiceNow con la ciberseguridad es evidente a través de sus soluciones de operaciones de seguridad y mejoras de seguridad impulsadas por IA. Específicamente, Merck & Co. está adoptando la plataforma de IA de ServiceNow para transformar las operaciones de seguridad, mejorar el control de los activos de TI, reducir el riesgo y fortalecer el cumplimiento de datos en toda la empresa. Además, los flujos de trabajo de seguridad y riesgo experimentaron un crecimiento sustancial, y las soluciones de seguridad y riesgo se incluyeron en una parte significativa de las principales operaciones de ServiceNow, con SecOps Plus demostrando un crecimiento notable en ACV nuevo neto.",,109911821,USD,NOW,SMART,STK,True,CYB
technology,cybersecurity,US6174464486,MORGAN STANLEY,27,Se enfoca en implementar medidas sólidas de ciberseguridad para proteger su infraestructura financiera y salvaguardar los datos confidenciales de los clientes contra amenazas en evolución.,"El enfoque de Morgan Stanley en la ciberseguridad es evidente a través de su reconocimiento de los riesgos asociados con las amenazas de ciberseguridad, la protección de datos y la gestión de riesgos de ciberseguridad. La firma está invirtiendo activamente en el mantenimiento y la mejora de su postura de ciberseguridad, resiliencia y seguridad de la información, especialmente dada la creciente atención regulatoria mundial sobre las prácticas de gestión de riesgos cibernéticos y de seguridad de la información dentro de la industria de servicios financieros. Además, la empresa aborda su estrategia y procesos de ciberseguridad en varias secciones de sus presentaciones, enfatizando su compromiso de gestionar los riesgos cibernéticos y de seguridad de la información junto con otros riesgos operativos como la continuidad del negocio y las tecnologías emergentes.","[{'name': 'ms-FY24-10-K', 'url': 'https://storage.googleapis.com/reflexivity-documents-prod/edgar/filing/10-k/ms-FY24-10-K.html'}]",2841574,USD,MS,SMART,STK,True,CYB
technology,cybersecurity,IE00B4BNMY34,ACCENTURE PLC-CL A,28,Proporciona servicios y soluciones profesionales en ciberseguridad para ayudar a las organizaciones a proteger sus activos digitales y gestionar riesgos.,"El enfoque de Accenture en la ciberseguridad es evidente a través de múltiples vías, incluida la asistencia a clientes con 'ciberseguridad como servicio' en respuesta a la creciente demanda. Esto se ve respaldado aún más por la asociación de Accenture con Nationwide Building Society para transformar sus operaciones de ciberseguridad utilizando una capacidad de gestión de información y eventos de seguridad basada en la nube y potenciada por IA generativa. El compromiso de la empresa se ve subrayado por su reconocimiento de los riesgos legales, reputacionales y financieros asociados con posibles fallos en la protección de datos frente a incidentes de seguridad y ciberataques. Además, Accenture está fortaleciendo sus capacidades de ciberseguridad a través de adquisiciones como CyberCX e IAMConcepts, ampliando su alcance geográfico y su experiencia en plataformas de seguridad impulsadas por IA.","[{'name': 'acn-Q125-10-Q', 'url': 'https://storage.googleapis.com/reflexivity-documents-prod/edgar/filing/10-q/acn-Q125-10-Q.html'}, {'name': 'acn-Q225-10-Q', 'url': 'https://storage.googleapis.com/reflexivity-documents-prod/edgar/filing/10-q/acn-Q225-10-Q.html'}, {'name': 'acn-Q325-10-Q', 'url': 'https://storage.googleapis.com/reflexivity-documents-prod/edgar/filing/10-q/acn-Q325-10-Q.html'}, {'name': 'acn-FY24-10-K', 'url': 'https://storage.googleapis.com/reflexivity-documents-prod/edgar/filing/10-k/acn-FY24-10-K.html'}]",67889930,USD,ACN,SMART,STK,True,CYB
technology,cybersecurity,US45866F1049,INTERCONTINENTAL EXCHANGE IN,29,Se enfoca en salvaguardar su infraestructura financiera crítica y datos sensibles de amenazas cibernéticas para garantizar la integridad operativa y la confianza del mercado.,"La participación de ICE en Ciberseguridad es evidente a través de su enfoque en garantizar la resiliencia de sus plataformas electrónicas y planes de continuidad del negocio, particularmente frente a ciberataques. La empresa enfatiza la seguridad de su Red Global ICE, describiéndola como una red ultrasegura y altamente resiliente, respaldada por inversiones continuas en datos y tecnología. Esto incluye esfuerzos para garantizar que la tecnología utilizada no sea vulnerable a ciberataques y para minimizar el impacto de tales eventos, siendo la ciberseguridad también un componente de sus servicios de soporte tecnológico.","[{'name': 'ice-Q225-10-Q', 'url': 'https://storage.googleapis.com/reflexivity-documents-prod/edgar/filing/10-q/ice-Q225-10-Q.html'}]",136370275,USD,ICE,SMART,STK,True,CYB
technology,cybersecurity,US89400J1079,TRANSUNION,30,"Proporciona soluciones basadas en datos para la prevención de fraudes, la verificación de identidad y la gestión de riesgos, que son componentes cruciales del panorama más amplio de la ciberseguridad.","La participación de TransUnion en el tema de la ciberseguridad es evidente a través de varias facetas de sus operaciones. La plataforma OneTru de la empresa enfatiza la ciberseguridad y el cumplimiento mejorados, mientras que su herramienta impulsada por IA, OneTru Assist, está diseñada para detectar y abordar vulnerabilidades de seguridad. Además, TransUnion asigna gastos de capital a mejoras de seguridad para reducir riesgos y desarrolla modelos de aprendizaje automático para mitigar el riesgo de dispositivos, fraude y robo de identidad, lo que demuestra el compromiso de la empresa de salvaguardar datos y sistemas.","[{'name': 'tru-Q225-10-Q', 'url': 'https://storage.googleapis.com/reflexivity-documents-prod/edgar/filing/10-q/tru-Q225-10-Q.html'}, {'name': 'tru-Q125-10-Q', 'url': 'https://storage.googleapis.com/reflexivity-documents-prod/edgar/filing/10-q/tru-Q125-10-Q.html'}, {'name': 'tru-FY24-10-K', 'url': 'https://storage.googleapis.com/reflexivity-documents-prod/edgar/filing/10-k/tru-FY24-10-K.html'}]",198051403,USD,TRU,SMART,STK,True,CYB
technology,cybersecurity,US0995021062,BOOZ ALLEN HAMILTON HOLDINGS,31,"Proporciona soluciones avanzadas de ciberseguridad y servicios de consultoría a clientes gubernamentales y comerciales, protegiendo la infraestructura crítica y los datos contra amenazas en evolución.","El enfoque de Booz Allen en la ciberseguridad es evidente a través de su desarrollo de soluciones tecnológicas que aprovechan las cibertecnologías para proteger los intereses nacionales y su posición como proveedor líder de ciberseguridad. La empresa aporta su experiencia a clientes comerciales de diversas industrias y enfatiza las oportunidades de invertir en cibertecnologías para mejorar la eficiencia de costos y la efectividad de la misión. Booz Allen también se enfoca en defender los modelos de IA y la infraestructura de ciberataques, con soluciones como Thunderdome para el DoD y la integración de los productos de Hidden Layers en ofertas de ciberseguridad comercial, lo que demuestra un compromiso para mejorar las capacidades de ciberseguridad.","[{'name': 'bah-Q126-10-Q', 'url': 'https://storage.googleapis.com/reflexivity-documents-prod/edgar/filing/10-q/bah-Q126-10-Q.html'}, {'name': 'bah-FY25-10-K', 'url': 'https://storage.googleapis.com/reflexivity-documents-prod/edgar/filing/10-k/bah-FY25-10-K.html'}]",80968828,USD,BAH,SMART,STK,False,CYB
technology,cybersecurity,US68389X1054,ORACLE CORP,32,Ofrece sólidas soluciones de ciberseguridad esenciales para proteger datos e infraestructura empresarial críticos en sus plataformas de nube y bases de datos ampliamente adoptadas.,,,272800,USD,ORCL,SMART,STK,True,CYB
technology,cybersecurity,US5024311095,L3HARRIS TECHNOLOGIES INC,33,"Proporciona soluciones y servicios avanzados de ciberseguridad críticos para proteger los sistemas de seguridad nacional, las redes de defensa y la infraestructura crítica contra las amenazas digitales en evolución.","La participación de L3Harris Technologies (LHX) en el tema de la Ciberseguridad es evidente en su provisión de soluciones tecnológicas de extremo a extremo que conectan varios dominios, incluido el ciberdominio, con un enfoque en la seguridad nacional. La empresa se identifica como un 'Disruptor de Confianza' en la industria de defensa, enfatizando su papel en la entrega de estas soluciones. El segmento SAS ha experimentado un crecimiento de ingresos en Inteligencia y Cibergracias al crecimiento de programas clasificados, lo que resalta aún más las actividades de la empresa en ciberseguridad. Esto también se refleja en el compromiso de los aliados de la OTAN de gastar en iniciativas cibernéticas.","[{'name': 'lhx-Q324-10-Q', 'url': 'https://storage.googleapis.com/reflexivity-documents-prod/edgar/filing/10-q/lhx-Q324-10-Q.html'}, {'name': 'lhx-Q225-10-Q', 'url': 'https://storage.googleapis.com/reflexivity-documents-prod/edgar/filing/10-q/lhx-Q225-10-Q.html'}]",371886040,USD,LHX,SMART,STK,True,CYB
technology,cybersecurity,US0268747849,AMERICAN INTERNATIONAL GROUP,34,Contribuye al tema de Ciberseguridad.,"El compromiso de AIG con la Ciberseguridad es evidente a través de su reconocimiento de los ciberataques y las brechas de seguridad de datos como riesgos significativos para sus sistemas de tecnología de la información y datos. La compañía ofrece seguros de riesgo cibernético como parte de sus productos de Líneas Financieras, lo que indica una asignación de recursos hacia esta área. Además, AIG reconoce la importancia de cumplir con las leyes y regulaciones en evolución relacionadas con la ciberseguridad y la privacidad de datos, lo que destaca su necesidad de salvaguardar los datos de clientes, empleados y de la compañía contra posibles interrupciones y vulnerabilidades.","[{'name': 'aig-Q324-10-Q', 'url': 'https://storage.googleapis.com/reflexivity-documents-prod/edgar/filing/10-q/aig-Q324-10-Q.html'}]",61319701,USD,AIG,SMART,STK,True,CYB
technology,cybersecurity,US6200763075,MOTOROLA SOLUTIONS INC,35,Incluye la Ciberseguridad como un área de enfoque de sus operaciones.,"Motorola Solutions demuestra su compromiso con el tema de la Ciberseguridad a través de varias iniciativas clave. La adquisición de Silvus, una empresa especializada en tecnología de redes móviles ad hoc (MANET) seguras, subraya este enfoque, mejorando la cartera de seguridad pública y empresarial de Motorola con capacidades de comunicación de datos, video y voz altamente seguras. Las comunicaciones LMR (Radio Móvil Terrestre) de Motorola también juegan un papel, incorporando software y servicios diseñados para garantizar la disponibilidad, seguridad y resiliencia, lo que se evidencia aún más en un pedido de ciberseguridad LMR de $ 12 millones del estado de Victoria, Australia. Además, Motorola ofrece servicios de suscripción de ciberseguridad y servicios administrados en sus tecnologías, incluidos los servicios centrales de Next Generation 911 (NGCS), que incorporan medidas de ciberseguridad y un centro de operaciones de seguridad dedicado.","[{'name': 'msi-Q225-10-Q', 'url': 'https://storage.googleapis.com/reflexivity-documents-prod/edgar/filing/10-q/msi-Q225-10-Q.html'}, {'name': 'msi-FY24-10-K', 'url': 'https://storage.googleapis.com/reflexivity-documents-prod/edgar/filing/10-k/msi-FY24-10-K.html'}]",81581011,USD,MSI,SMART,STK,True,CYB
technology,cybersecurity,US3032501047,FAIR ISAAC CORP,36,"Se enfoca en el desarrollo de soluciones avanzadas de detección y prevención de fraudes, que son integrales para fortalecer las defensas de ciberseguridad en diversas industrias.",,,269280,USD,FICO,SMART,STK,True,CYB
technology,cybersecurity,US5253271028,LEIDOS HOLDINGS INC,37,Ofrece soluciones integrales de ciberseguridad e inteligencia avanzada de amenazas para proteger sistemas y datos críticos para clientes gubernamentales y comerciales.,"Leidos demuestra su compromiso con la ciberseguridad a través de varias iniciativas clave. La empresa identifica las 'operaciones cibernéticas' como una de sus capacidades técnicas principales y como un componente clave de su estrategia North Star 2030, mencionando explícitamente la 'modernización digital y ciberseguridad' como un pilar de crecimiento. Leidos ha invertido significativamente en esta área, incluyendo más de 75 millones de dólares en I+D para desarrollar tecnologías patentadas, y tiene la operación cibernética más grande en el gobierno federal. Esto se ve reforzado por los esfuerzos para adquirir líderes en ciberseguridad de espectro completo y abordar los riesgos cibernéticos asociados con la adopción de IA, posicionando a Leidos como un actor importante en ciberseguridad para la seguridad nacional.","[{'name': 'ldos-Q324-10-Q', 'url': 'https://storage.googleapis.com/reflexivity-documents-prod/edgar/filing/10-q/ldos-Q324-10-Q.html'}, {'name': 'ldos-Q224-10-Q', 'url': 'https://storage.googleapis.com/reflexivity-documents-prod/edgar/filing/10-q/ldos-Q224-10-Q.html'}, {'name': 'ldos-Q125-10-Q', 'url': 'https://storage.googleapis.com/reflexivity-documents-prod/edgar/filing/10-q/ldos-Q125-10-Q.html'}, {'name': 'ldos-FY24-10-K', 'url': 'https://storage.googleapis.com/reflexivity-documents-prod/edgar/filing/10-k/ldos-FY24-10-K.html'}]",134280621,USD,LDOS,SMART,STK,True,CYB
technology,cybersecurity,US8086251076,SCIENCE APPLICATIONS INTE,38,"Ofrece soluciones y servicios integrales de ciberseguridad, incluida la detección de amenazas, la gestión de riesgos y la infraestructura segura, para proteger sistemas y datos críticos para clientes gubernamentales y comerciales.","La participación de SAIC en ciberseguridad es evidente a través de su apoyo a las prioridades del Departamento de Defensa, incluida la ciberseguridad crítica prioritaria. Esto se demuestra aún más por la Fábrica de Innovación de SAIC, que incluye equipos designados centrados en ciberseguridad, y los programas clave y el liderazgo técnico de la empresa en esta área. Además, SAIC está posicionada para capitalizar paquetes de gasto como la ley de infraestructura, la Ley de Reducción de la Inflación y la Ley CHIPS y de Ciencia, que pueden brindar oportunidades adicionales en áreas de enfoque de SAIC como el ciberespacio.","[{'name': 'saic-Q325-10-Q', 'url': 'https://storage.googleapis.com/reflexivity-documents-prod/edgar/filing/10-q/saic-Q325-10-Q.html'}]",134306225,USD,SAIC,SMART,STK,True,CYB
technology,cybersecurity,US8716071076,SYNOPSYS INC,39,"Proporciona soluciones que aseguran el diseño y desarrollo de semiconductores y sistemas integrados, abordando vulnerabilidades desde las primeras etapas de creación del producto.",,,274499,USD,SNPS,SMART,STK,True,CYB
technology,cybersecurity,US3156161024,F5 INC,40,"Proporciona seguridad avanzada de aplicaciones, protección de API y soluciones de prevención de fraudes que salvaguardan las experiencias digitales y la infraestructura crítica contra las amenazas cibernéticas en evolución.","El compromiso de F5 con el tema de Ciberseguridad es evidente en su misión de simplificar los desafíos operativos y de ciberseguridad a través de su Plataforma de Entrega y Seguridad de Aplicaciones (ADSP). La ADSP de la empresa converge la gestión del tráfico con capacidades avanzadas de seguridad de aplicaciones y API en entornos híbridos y multicloud. El compromiso de F5 se demuestra aún más a través de la innovación continua y el liderazgo tecnológico, lo que permite a los clientes consolidar soluciones de seguridad e implementar seguridad de manera consistente en diversos entornos, asegurando cada aplicación y API en cualquier lugar.","[{'name': 'ffiv-FY24-10-K', 'url': 'https://storage.googleapis.com/reflexivity-documents-prod/edgar/filing/10-k/ffiv-FY24-10-K.html'}, {'name': 'ffiv-Q325-10-Q', 'url': 'https://storage.googleapis.com/reflexivity-documents-prod/edgar/filing/10-q/ffiv-Q325-10-Q.html'}, {'name': 'ffiv-Q125-10-Q', 'url': 'https://storage.googleapis.com/reflexivity-documents-prod/edgar/filing/10-q/ffiv-Q125-10-Q.html'}, {'name': 'ffiv-Q225-10-Q', 'url': 'https://storage.googleapis.com/reflexivity-documents-prod/edgar/filing/10-q/ffiv-Q225-10-Q.html'}]",6248713,USD,FFIV,SMART,STK,True,CYB
technology,cybersecurity,US23804L1035,DATADOG INC - CLASS A,41,Tiene una presencia establecida dentro del tema de la industria de la ciberseguridad.,"Datadog se identifica como una plataforma de seguridad para aplicaciones en la nube, integrando y automatizando la monitorización de la infraestructura, la monitorización del rendimiento de las aplicaciones, la gestión de registros, la monitorización de la experiencia del usuario y la seguridad en la nube. Su plataforma SaaS proporciona observabilidad y seguridad unificadas en tiempo real para toda la pila tecnológica de los clientes, con productos de seguridad que atienden a más de 7.500 clientes, aproximadamente una cuarta parte de su base total de clientes. Estos productos de seguridad abarcan la protección de aplicaciones y API, la protección de cargas de trabajo y Cloud SIEM, extendiéndose a nuevos vectores de ataque de IA e incluyendo funciones como el analista de seguridad de IA de Bits para clasificar las señales de Datadog Cloud SIEM. Datadog ofrece un conjunto completo de productos de seguridad, que incluyen gestión de vulnerabilidades, detección de amenazas y Cloud SIEM, diseñados para identificar y gestionar vulnerabilidades en software e infraestructura y satisfacer las necesidades de DevSecOps.","[{'name': 'ddog-Q225-10-Q', 'url': 'https://storage.googleapis.com/reflexivity-documents-prod/edgar/filing/10-q/ddog-Q225-10-Q.html'}, {'name': 'ddog-FY24-10-K', 'url': 'https://storage.googleapis.com/reflexivity-documents-prod/edgar/filing/10-k/ddog-FY24-10-K.html'}, {'name': 'ddog-Q125-10-Q', 'url': 'https://storage.googleapis.com/reflexivity-documents-prod/edgar/filing/10-q/ddog-Q125-10-Q.html'}]",383858515,USD,DDOG,SMART,STK,True,CYB
technology,cybersecurity,US6668071029,NORTHROP GRUMMAN CORP,42,"Desarrolla y proporciona soluciones avanzadas de ciberseguridad para clientes de seguridad nacional, defensa y gobierno, salvaguardando la infraestructura crítica y los sistemas de información.","Northrop Grumman enfatiza su posición como proveedor líder de tecnologías innovadoras, que incluyen capacidades cibernéticas, destacando la dedicación de la empresa a este dominio. La empresa ofrece una amplia gama de productos, servicios y soluciones a clientes estadounidenses e internacionales, y principalmente al Departamento de Defensa de EE. UU. (""DoD"") y a la comunidad de inteligencia. Las tecnologías y las capacidades de integración de Northrop Grumman son fundamentales para las necesidades de los clientes en los dominios espacial, aéreo, terrestre, cibernético y submarino, lo que indica la importancia de la ciberseguridad para sus soluciones de misión.","[{'name': 'noc-Q324-10-Q', 'url': 'https://storage.googleapis.com/reflexivity-documents-prod/edgar/filing/10-q/noc-Q324-10-Q.html'}, {'name': 'noc-Q125-10-Q', 'url': 'https://storage.googleapis.com/reflexivity-documents-prod/edgar/filing/10-q/noc-Q125-10-Q.html'}, {'name': 'noc-Q225-10-Q', 'url': 'https://storage.googleapis.com/reflexivity-documents-prod/edgar/filing/10-q/noc-Q225-10-Q.html'}]",10376,USD,NOC,SMART,STK,True,CYB
technology,cybersecurity,US89417E1091,TRAVELERS COS INC/THE,43,Ofrece productos de seguros que ayudan a las empresas a gestionar y mitigar los riesgos financieros asociados con ciberataques y filtraciones de datos.,"El compromiso de la empresa con el tema de la ciberseguridad es evidente a través de varios factores. La empresa reconoce los ciberincidentes como catástrofes potenciales y reconoce el impacto negativo potencial de las dificultades con la tecnología, los datos y la seguridad de la red en su negocio. Esto está respaldado además por las políticas y prácticas de ciberseguridad de la empresa, así como por la adquisición de Corvus, un proveedor de seguros cibernéticos, dentro de su segmento de Seguros de Bonos y Especialidades, lo que indica un mayor enfoque en las soluciones de ciberseguridad. Sin embargo, la cobertura para eventos cibernéticos se aplica solo en circunstancias limitadas dentro de los tratados de reaseguro de la empresa.","[{'name': 'trv-Q324-10-Q', 'url': 'https://storage.googleapis.com/reflexivity-documents-prod/edgar/filing/10-q/trv-Q324-10-Q.html'}, {'name': 'trv-Q225-10-Q', 'url': 'https://storage.googleapis.com/reflexivity-documents-prod/edgar/filing/10-q/trv-Q225-10-Q.html'}, {'name': 'trv-FY24-10-K', 'url': 'https://storage.googleapis.com/reflexivity-documents-prod/edgar/filing/10-k/trv-FY24-10-K.html'}]",43150617,USD,TRV,SMART,STK,True,CYB
technology,cybersecurity,US42824C1099,HEWLETT PACKARD ENTERPRISE,44,"Ofrece soluciones y servicios integrales de ciberseguridad que protegen datos, aplicaciones e infraestructura, contribuyendo a la postura de seguridad de las empresas a nivel mundial.","El compromiso de HPE con la ciberseguridad es evidente a través de su enfoque en la construcción de un negocio de redes seguras, como se destaca en su visión para el segmento de redes. HPE está expandiendo las soluciones universales de acceso a redes Zero Trust a través de HPE Aruba Networking Central para reforzar la ciberseguridad, con estas soluciones ahora disponibles para implementación local para abordar la soberanía de los datos. Además, HPE integra soluciones de seguridad en su cartera de redes, incluidos los firewalls de Juniper y Secure Access Service Edge (SASE), lo que refleja un compromiso de proteger contra el acceso no autorizado y las amenazas cibernéticas.",,209411798,USD,HPE,SMART,STK,True,CYB
technology,cybersecurity,US7475251036,QUALCOMM INC,45,"Desarrolla soluciones seguras de hardware y software para plataformas móviles, automotrices y de Internet de las cosas, mejorando la protección contra las amenazas cibernéticas en evolución.",,,273544,USD,QCOM,SMART,STK,True,CYB
technology,cybersecurity,IE00BDB6Q211,WILLIS TOWERS WATSON PLC,46,Es importante para el tema de la industria de la ciberseguridad.,"La participación de WTW en el tema de la Ciberseguridad es evidente a través de su reconocimiento de los riesgos asociados con las brechas de ciberseguridad, las posibles brechas de los sistemas de información y la insuficiencia de la protección de datos del cliente. La empresa reconoce la importancia de cumplir con las regulaciones complejas y cambiantes relacionadas con la privacidad de los datos y la ciberseguridad. Además, WTW ayuda a los clientes a gestionar incidentes o crisis, incluidas auditorías de seguridad, lo que sugiere una asignación menor de recursos a la ciberseguridad. La empresa también identifica el riesgo de interrupciones materiales en las capacidades de procesamiento de información debido a incidentes de ciberseguridad.","[{'name': 'wtw-Q125-10-Q', 'url': 'https://storage.googleapis.com/reflexivity-documents-prod/edgar/filing/10-q/wtw-Q125-10-Q.html'}]",217947850,EUR,WTY,SMART,STK,True,CYB
technology,cybersecurity,US9222801022,VARONIS SYSTEMS INC,47,"Proporciona una plataforma de seguridad de datos que protege contra amenazas internas y ciberataques al monitorear el acceso a los datos y el comportamiento del usuario, contribuyendo a la resiliencia general de la ciberseguridad.","Varonis está profundamente involucrada en la ciberseguridad, principalmente a través de su enfoque centrado en los datos para la seguridad. La transición de la empresa a un modelo de entrega SaaS está impulsada por el creciente panorama de amenazas cibernéticas, con un enfoque en la creación de software que rastrea, alerta y protege los datos. La plataforma de Varonis ayuda a las empresas a localizar datos confidenciales, visualizar el acceso, bloquearlos y detectar/responder a amenazas, con su plataforma SaaS y oferta MDDR resonando con los equipos de seguridad. Además, el CISO de la empresa considera la seguridad de los datos como el futuro de la ciberseguridad, lo que destaca la importancia de las capacidades de protección automatizada de Varonis.","[{'name': 'vrns-Q125-10-Q', 'url': 'https://storage.googleapis.com/reflexivity-documents-prod/edgar/filing/10-q/vrns-Q125-10-Q.html'}, {'name': 'vrns-Q225-10-Q', 'url': 'https://storage.googleapis.com/reflexivity-documents-prod/edgar/filing/10-q/vrns-Q225-10-Q.html'}, {'name': 'vrns-FY24-10-K', 'url': 'https://storage.googleapis.com/reflexivity-documents-prod/edgar/filing/10-k/vrns-FY24-10-K.html'}]",145409766,USD,VRNS,SMART,STK,False,CYB
technology,cybersecurity,US0404132054,ARISTA NETWORKS INC,48,"Ofrece soluciones de redes seguras que mejoran la detección de amenazas, la visibilidad de la red y la protección de datos en entornos empresariales y en la nube.","Arista enfatiza la ciberseguridad a través de inversiones en identidad de red, sensores de mitigación de amenazas y soluciones de seguridad de confianza cero, que son bien recibidas por los clientes de campus que buscan alternativas a los sistemas heredados. Su software y servicios de red, ofrecidos por suscripción, incluyen sensores de seguridad avanzados para la detección y respuesta de red. El enfoque de Arista en la seguridad se ve aún más subrayado por su afirmación de superar a la industria en calidad, soporte e innovación de red, al tiempo que mantiene bajas vulnerabilidades de seguridad.",,740948854,USD,ANET,SMART,STK,True,CYB
technology,cybersecurity,US50155Q1004,KYNDRYL HOLDINGS INC,49,"Se enfoca en asegurar entornos de TI complejos a través de servicios y soluciones de ciberseguridad administrados, salvaguardando datos y operaciones críticas para sus clientes.","El enfoque de Kyndryl en ciberseguridad es evidente en su posicionamiento estratégico para abordar tendencias de TI seculares, incluidos los riesgos de ciberseguridad, y su capacidad para capitalizar las oportunidades que surgen de incidentes de ciberseguridad. Esto se demuestra aún más por el éxito de la compañía en la obtención de contratos, como el de una fintech europea, para proporcionar servicios de ciberseguridad, resiliencia y cumplimiento normativo, desplazando a los titulares en el proceso. Además, Kyndryl colabora con socios de software empresarial como Palo Alto Networks para respaldar las necesidades de TI de los clientes y aborda la creciente demanda de seguridad y privacidad de datos en sectores como el minorista y el de viajes.",,520488080,USD,KD,SMART,STK,True,CYB
technology,cybersecurity,US00206R1023,AT&T INC,50,Proporciona soluciones y servicios integrales de ciberseguridad para proteger su vasta infraestructura de red y salvaguardar los datos de los clientes contra amenazas en evolución.,"La conexión de AT&T con el tema de Ciberseguridad se deriva de su negocio anterior de ciberseguridad, que se aportó a una nueva empresa conjunta llamada LevelBlue. Las presentaciones de la empresa mencionan la ausencia de ingresos y gastos asociados con este negocio de ciberseguridad después de su aportación a LevelBlue. Si bien AT&T ya no gestiona directamente este negocio, su participación e inversión pasadas en ciberseguridad a través de LevelBlue indican un compromiso continuo, aunque indirecto, con el tema.","[{'name': 't-Q225-10-Q', 'url': 'https://storage.googleapis.com/reflexivity-documents-prod/edgar/filing/10-q/t-Q225-10-Q.html'}, {'name': 't-Q125-10-Q', 'url': 'https://storage.googleapis.com/reflexivity-documents-prod/edgar/filing/10-q/t-Q125-10-Q.html'}, {'name': 't-FY24-10-K', 'url': 'https://storage.googleapis.com/reflexivity-documents-prod/edgar/filing/10-k/t-FY24-10-K.html'}, {'name': 't-Q324-10-Q', 'url': 'https://storage.googleapis.com/reflexivity-documents-prod/edgar/filing/10-q/t-Q324-10-Q.html'}]",37018770,USD,T,SMART,STK,True,CYB
technology,cybersecurity,US92343V1044,VERIZON COMMUNICATIONS INC,51,"Ofrece soluciones de seguridad integrales para la infraestructura de red y clientes empresariales, que abarcan inteligencia de amenazas, gestión de identidades y protección proactiva contra riesgos cibernéticos.","La participación de Verizon en la ciberseguridad es evidente a través de la provisión de servicios y soluciones de datos, video y voz en redes y plataformas diseñadas para satisfacer las demandas de seguridad de los clientes. La empresa considera la seguridad de su red inalámbrica un factor clave para su éxito continuo, y el segmento de Negocios proporciona servicios de seguridad y redes gestionadas. Si bien la seguridad es un componente de los servicios y soluciones de Verizon, no se destaca como un pilar estratégico de primer nivel, y no hay mención específica de tecnologías de seguridad propietarias o soluciones de seguridad únicas.","[{'name': 'vz-Q324-10-Q', 'url': 'https://storage.googleapis.com/reflexivity-documents-prod/edgar/filing/10-q/vz-Q324-10-Q.html'}, {'name': 'vz-Q225-10-Q', 'url': 'https://storage.googleapis.com/reflexivity-documents-prod/edgar/filing/10-q/vz-Q225-10-Q.html'}, {'name': 'vz-FY24-10-K', 'url': 'https://storage.googleapis.com/reflexivity-documents-prod/edgar/filing/10-k/vz-FY24-10-K.html'}]",4901,USD,VZ,SMART,STK,True,CYB
technology,cybersecurity,US57142B1044,MARQETA INC-A,52,Se enfoca en asegurar transacciones de pago y proteger datos confidenciales de titulares de tarjetas a través de sólidas medidas de detección y prevención de fraudes.,"El enfoque de Marqeta en la ciberseguridad es evidente en su capacidad de toma de decisiones en tiempo real, que permite a los clientes establecer reglas y controles para gestionar el fraude en las transacciones utilizando datos extensos de transacciones. La empresa está mejorando activamente este producto integrando inteligencia artificial y aprendizaje automático para mejorar la evaluación del riesgo de transacciones en tiempo real durante la autorización. Este enfoque centrado en el emisor permite a los clientes gestionar el fraude en las transacciones de manera efectiva.",,495763817,USD,MQ,SMART,STK,False,CYB
technology,cybersecurity,US2041661024,COMMVAULT SYSTEMS INC,53,Proporciona soluciones de protección y recuperación de datos que son integrales para salvaguardar a las organizaciones contra amenazas cibernéticas y garantizar la continuidad del negocio.,"La plataforma de Commvault mejora la ciberresiliencia del cliente al proteger los datos contra amenazas crecientes, incluido el ransomware, con su plataforma Commvault Cloud. La empresa se centra en el mercado de la ciberresiliencia, como lo demuestra su compromiso con los CISO y las alianzas estratégicas, como la de Deloitte, para fortalecer las defensas contra los ciberataques. Las ofertas de Commvault cubren la brecha de preparación para los equipos de seguridad y TI, lo que permite a los CISO evaluar proactivamente los riesgos y ejecutar simulaciones. Además, la ciberresiliencia es una prioridad estratégica importante para Commvault, ya que ofrece ofertas diferenciadas de seguridad y recuperación de datos, lo que ayuda a los clientes a mejorar su postura de ciberresiliencia al tiempo que reduce los costos y simplifica las operaciones.","[{'name': 'cvlt-Q225-10-Q', 'url': 'https://storage.googleapis.com/reflexivity-documents-prod/edgar/filing/10-q/cvlt-Q225-10-Q.html'}, {'name': 'cvlt-Q126-10-Q', 'url': 'https://storage.googleapis.com/reflexivity-documents-prod/edgar/filing/10-q/cvlt-Q126-10-Q.html'}, {'name': 'cvlt-Q325-10-Q', 'url': 'https://storage.googleapis.com/reflexivity-documents-prod/edgar/filing/10-q/cvlt-Q325-10-Q.html'}, {'name': 'cvlt-FY25-10-K', 'url': 'https://storage.googleapis.com/reflexivity-documents-prod/edgar/filing/10-k/cvlt-FY25-10-K.html'}]",40738085,USD,CVLT,SMART,STK,True,CYB
technology,cybersecurity,US67066G1040,NVIDIA CORP,54,Permite la detección mejorada de amenazas y el análisis en tiempo real en ciberseguridad a través de sus plataformas de computación de alto rendimiento e inteligencia artificial.,"La participación de NVIDIA en Ciberseguridad se demuestra por su pila de software y seguridad de IA, que es utilizada por empresas como Check Point, CrowdStrike y Palo Alto Networks para construir, optimizar y asegurar flujos de trabajo agénticos. Por ejemplo, CrowdStrike está logrando una detección de triaje 2 veces más rápida con un 50% menos de costo de cómputo utilizando la tecnología de NVIDIA. Estas soluciones y asociaciones de ciberseguridad impulsadas por IA indican el papel de NVIDIA en el panorama de la ciberseguridad.",,4815747,USD,NVDA,SMART,STK,True,CYB
technology,cybersecurity,US7739031091,ROCKWELL AUTOMATION INC,55,"Proporciona soluciones y servicios de ciberseguridad diseñados específicamente para proteger los sistemas de control industrial y los entornos de tecnología operativa, garantizando una transformación digital segura para sus clientes.","La participación de Rockwell Automation en Ciberseguridad es evidente en su enfoque estratégico en las necesidades de los clientes de resiliencia, que incluye la ciberseguridad, para lograr un crecimiento secular más rápido en los mercados tradicionales. Esto está respaldado además por la obtención por parte de la empresa de una importante victoria en petróleo y gas con una importante compañía petrolera nacional de Oriente Medio que eligió su empresa conjunta Sensia para el proyecto de actualización de automatización y ciberseguridad más estratégico de la región con un potencial de ingresos recurrentes significativo. Sin embargo, este crecimiento se vio compensado por una debilidad relativa en los servicios recurrentes, impulsada principalmente por retrasos en las inversiones en ciberseguridad, lo que indica un énfasis fluctuante pero presente en el tema.","[{'name': 'rok-FY24-10-K', 'url': 'https://storage.googleapis.com/reflexivity-documents-prod/edgar/filing/10-k/rok-FY24-10-K.html'}, {'name': 'rok-Q325-10-Q', 'url': 'https://storage.googleapis.com/reflexivity-documents-prod/edgar/filing/10-q/rok-Q325-10-Q.html'}, {'name': 'rok-Q125-10-Q', 'url': 'https://storage.googleapis.com/reflexivity-documents-prod/edgar/filing/10-q/rok-Q125-10-Q.html'}, {'name': 'rok-Q225-10-Q', 'url': 'https://storage.googleapis.com/reflexivity-documents-prod/edgar/filing/10-q/rok-Q225-10-Q.html'}]",11697,USD,ROK,SMART,STK,True,CYB
technology,cybersecurity,US1924461023,COGNIZANT TECH SOLUTIONS-A,56,Aborda el tema de la industria de la ciberseguridad dentro de su marco operativo.,"La participación de Cognizant en el tema de Ciberseguridad es evidente a través de sus servicios colaborativos, que incluyen infraestructura y seguridad. La compañía ofrece servicios avanzados en ciberseguridad a través de sus centros de capacidad global (GCC), respaldados por plataformas de IA como Neuro y Flowsource. Un nuevo GCC con Citizens Financial mejorará las capacidades empresariales de tecnología, datos y análisis, prestando servicios en computación en la nube, gestión de datos y ciberseguridad. Cognizant también ha experimentado una fuerte demanda en aplicaciones, IA y ciberseguridad, lo que indica una creciente cartera de soluciones relacionadas.","[{'name': 'ctsh-Q324-10-Q', 'url': 'https://storage.googleapis.com/reflexivity-documents-prod/edgar/filing/10-q/ctsh-Q324-10-Q.html'}, {'name': 'ctsh-Q225-10-Q', 'url': 'https://storage.googleapis.com/reflexivity-documents-prod/edgar/filing/10-q/ctsh-Q225-10-Q.html'}, {'name': 'ctsh-FY24-10-K', 'url': 'https://storage.googleapis.com/reflexivity-documents-prod/edgar/filing/10-k/ctsh-FY24-10-K.html'}]",4728759,USD,CTSH,SMART,STK,True,CYB
technology,cybersecurity,NL0009538784,NXP SEMICONDUCTORS NV,57,"Contribuye a la ciberseguridad al proporcionar microcontroladores y procesadores seguros que integran funciones avanzadas de seguridad de hardware, protegiendo datos y sistemas en aplicaciones automotrices, industriales y de IoT.",,,77791077,USD,NXPI,SMART,STK,True,CYB
technology,cybersecurity,US23355L1061,DXC TECHNOLOGY CO,58,"Proporciona soluciones y servicios de ciberseguridad a clientes, salvaguardando sus activos e infraestructura digitales contra amenazas en evolución.","La participación de DXC en Ciberseguridad es evidente a través de sus esfuerzos para ayudar a las empresas globales a ejecutar sistemas de misión crítica, modernizar TI, optimizar arquitecturas de datos y garantizar la seguridad en diversos entornos de nube. Los equipos de seguridad de DXC están aprovechando la IA agéntica para ofrecer inteligencia de amenazas en tiempo real, lo que ha llevado a una reducción significativa en el tiempo de investigación y a una mayor precisión. Este uso de la IA en las operaciones de seguridad demuestra el compromiso de DXC de mejorar sus servicios de ciberseguridad.","[{'name': 'dxc-Q225-10-Q', 'url': 'https://storage.googleapis.com/reflexivity-documents-prod/edgar/filing/10-q/dxc-Q225-10-Q.html'}, {'name': 'dxc-Q325-10-Q', 'url': 'https://storage.googleapis.com/reflexivity-documents-prod/edgar/filing/10-q/dxc-Q325-10-Q.html'}]",268960158,USD,DXC,SMART,STK,True,CYB
technology,cybersecurity,US92826C8394,VISA INC-CLASS A SHARES,59,Se enfoca en asegurar pagos digitales y proteger datos financieros a través de tecnologías avanzadas de detección de fraude y robustos protocolos de seguridad de red.,"El enfoque de Visa en la ciberseguridad es evidente a través de su adquisición estratégica de Featurespace por $946 millones, una empresa especializada en la prevención de fraudes en pagos impulsada por IA y la mitigación de riesgos de delitos financieros. Esta adquisición ha llevado al desarrollo del ARIC Risk Hub, una solución mejorada de protección contra fraudes que utiliza aprendizaje automático e IA. Además, Visa promueve activamente soluciones de ciberseguridad a través de CyberSource, formando alianzas con instituciones como Arab National Bank y BAC para ofrecer servicios de gestión de riesgos y tokenización a sus clientes, y renovando su asociación con Absa en nueve países.","[{'name': 'v-Q125-10-Q', 'url': 'https://storage.googleapis.com/reflexivity-documents-prod/edgar/filing/10-q/v-Q125-10-Q.html'}, {'name': 'v-Q225-10-Q', 'url': 'https://storage.googleapis.com/reflexivity-documents-prod/edgar/filing/10-q/v-Q225-10-Q.html'}, {'name': 'v-FY24-10-K', 'url': 'https://storage.googleapis.com/reflexivity-documents-prod/edgar/filing/10-k/v-FY24-10-K.html'}]",49462172,USD,V,SMART,STK,True,CYB
technology,cybersecurity,IL0011794802,CELLEBRITE DI LTD,60,"Proporciona soluciones de inteligencia digital que ayudan en las investigaciones de ciberdelincuencia y la informática forense digital, contribuyendo a los esfuerzos generales de ciberseguridad.","La participación de Cellebrite en la ciberseguridad es evidente a través de sus soluciones de misión crítica para la seguridad en todos los niveles gubernamentales, incluida la seguridad de las fronteras y la mitigación del narcotráfico. El negocio principal de la empresa gira en torno a la inteligencia digital para las fuerzas del orden y la seguridad empresarial, lo que impulsa una mayor demanda debido a la creciente delincuencia habilitada digitalmente. Además, la adquisición de Corellium, cuya tecnología se centra en las pruebas de vulnerabilidad y penetración para una gama de puntos finales basados en ARM, resalta la inversión de Cellebrite en la mejora de sus capacidades de acceso legal y soluciones de vulnerabilidad móvil.",,511811243,USD,CLBT,SMART,STK,False,CYB
technology,cybersecurity,US57636Q1040,MASTERCARD INC - A,61,"Se enfoca en asegurar pagos digitales y proteger datos transaccionales a través de medidas avanzadas de ciberseguridad y tecnologías de prevención de fraudes, salvaguardando a consumidores y empresas dentro de su red global.","El compromiso de Mastercard con la ciberseguridad es evidente en sus esfuerzos por proteger las transacciones de pago y defenderse del fraude. La empresa ofrece a los emprendedores estadounidenses acceso a soluciones de ciberseguridad a través de su navegador para pequeñas empresas y aprovecha la IA generativa mediante Decision Intelligence Pro para predecir el fraude. Mastercard también está invirtiendo en inteligencia de amenazas impulsada por IA y capacidades de remediación de ciberseguridad, con servicios como Crypto Secure que monitorean activamente los riesgos para los emisores a nivel mundial. Además, Mastercard Agent Pay aprovecha las reglas de franquicia, las soluciones de fraude y ciberseguridad, y la empresa se asocia con firmas como VikingCloud para distribuir la puntuación de riesgos y las capacidades de remediación de ciberseguridad.","[{'name': 'ma-Q125-10-Q', 'url': 'https://storage.googleapis.com/reflexivity-documents-prod/edgar/filing/10-q/ma-Q125-10-Q.html'}, {'name': 'ma-Q324-10-Q', 'url': 'https://storage.googleapis.com/reflexivity-documents-prod/edgar/filing/10-q/ma-Q324-10-Q.html'}, {'name': 'ma-Q225-10-Q', 'url': 'https://storage.googleapis.com/reflexivity-documents-prod/edgar/filing/10-q/ma-Q225-10-Q.html'}]",38685693,USD,MA,SMART,STK,True,CYB
technology,cybersecurity,NL0013056914,ELASTIC NV,62,Se centra en aspectos relevantes para el tema de la Ciberseguridad.,"Elastic pone un énfasis significativo en la ciberseguridad, ofreciendo Elastic Security como una solución central impulsada por IA de búsqueda para proteger contra amenazas cibernéticas. Elastic Security unifica SIEM y XDR en una única plataforma impulsada por IA y ha sido reconocida como líder en análisis de seguridad. El enfoque de la empresa se demuestra aún más con la introducción del Elastic AI SOC Engine (EASE) y la adición de especialistas en ventas de seguridad, así como la incorporación de la plataforma SIEM de Elastic en el centro de defensa cibernética global de Siemens.",,335844146,USD,ESTC,SMART,STK,False,CYB
technology,cybersecurity,US26210C1045,DROPBOX INC-CLASS A,63,Prioriza sólidas medidas de seguridad para proteger los datos del usuario y garantizar la integridad y confidencialidad de los servicios de almacenamiento de archivos y colaboración basados en la nube.,"El enfoque de Dropbox en la ciberseguridad es evidente a través de varios puntos clave. La empresa ofrece funcionalidad de seguridad avanzada dentro de sus planes de suscripción combinados, como Dropbox Essentials, Business y Business Plus, que consolidan varias ofertas. Sin embargo, Dropbox también experimentó un acceso no autorizado al entorno de producción de Dropbox Sign, revelado en sus presentaciones ante la SEC. La empresa continúa invirtiendo en infraestructura interna, red y medidas de seguridad.","[{'name': 'dbx-Q324-10-Q', 'url': 'https://storage.googleapis.com/reflexivity-documents-prod/edgar/filing/10-q/dbx-Q324-10-Q.html'}, {'name': 'dbx-FY24-10-K', 'url': 'https://storage.googleapis.com/reflexivity-documents-prod/edgar/filing/10-k/dbx-FY24-10-K.html'}]",311892159,USD,DBX,SMART,STK,True,CYB
technology,cybersecurity,US37637K1088,GITLAB INC-CL A,64,"Integra funciones de seguridad a lo largo del ciclo de vida del desarrollo de software, proporcionando capacidades para la gestión de vulnerabilidades, el cumplimiento y las pruebas de seguridad de aplicaciones dentro de su plataforma DevOps.","La participación de GitLab con el tema de Ciberseguridad es evidente en su plataforma DevSecOps, que integra la seguridad a lo largo del ciclo de vida del desarrollo de software al reunir a los equipos de desarrollo, operaciones y seguridad. Las capacidades de la plataforma, incluido el escaneo de seguridad integrado y la preparación para SOC2, son un fuerte impulsor de la adopción por parte de los clientes, particularmente para GitLab Ultimate. GitLab también está profundizando sus capacidades de seguridad al proporcionar marcos personalizados, paneles de vulnerabilidades y una mayor precisión de detección para ayudar a los clientes a lograr una visibilidad y control integrales, asegurar su cadena de suministro de software y reducir el riesgo de seguridad y cumplimiento.","[{'name': 'gtlb-Q126-10-Q', 'url': 'https://storage.googleapis.com/reflexivity-documents-prod/edgar/filing/10-q/gtlb-Q126-10-Q.html'}, {'name': 'gtlb-Q325-10-Q', 'url': 'https://storage.googleapis.com/reflexivity-documents-prod/edgar/filing/10-q/gtlb-Q325-10-Q.html'}, {'name': 'gtlb-FY25-10-K', 'url': 'https://storage.googleapis.com/reflexivity-documents-prod/edgar/filing/10-k/gtlb-FY25-10-K.html'}]",520512263,USD,GTLB,SMART,STK,False,CYB
technology,cybersecurity,US4571521065,INGRAM MICRO HOLDING CORP,65,"Distribuye una amplia gama de productos y soluciones de ciberseguridad, apoyando a los socios en la entrega de medidas de seguridad integrales a los usuarios finales.","La participación de Ingram Micro en Ciberseguridad es evidente a través de varias facetas de su negocio. La empresa ofrece soluciones de ciberseguridad como parte de sus Soluciones Avanzadas, que también incluyen servidores, almacenamiento y redes, y esta oferta ha contribuido al crecimiento de las ventas netas. Además, la empresa experimentó un ataque de ransomware, lo que la llevó a contratar expertos en ciberseguridad y lanzar una investigación, lo que resalta la importancia de la ciberseguridad para sus operaciones. La ciberseguridad también impulsa el crecimiento en las categorías de Nube y se mantiene saludable.","[{'name': 'ingm-Q225-10-Q', 'url': 'https://storage.googleapis.com/reflexivity-documents-prod/edgar/filing/10-q/ingm-Q225-10-Q.html'}, {'name': 'ingm-Q125-10-Q', 'url': 'https://storage.googleapis.com/reflexivity-documents-prod/edgar/filing/10-q/ingm-Q125-10-Q.html'}]",737201087,USD,INGM,SMART,STK,False,CYB
technology,cybersecurity,US70450Y1038,PAYPAL HOLDINGS INC,66,"Garantiza la seguridad de los pagos en línea y las transacciones financieras a través de sólidas medidas de ciberseguridad, protegiendo los datos de los usuarios y previniendo el fraude en sus plataformas.","La ciberseguridad es un área crítica de enfoque para PayPal, especialmente dadas las crecientes amenazas para las empresas globales de pagos y tecnología. La compañía ha desarrollado sistemas y procesos diseñados para proteger los datos, prevenir la pérdida de datos y permitir respuestas efectivas a riesgos potenciales. PayPal espera continuar invirtiendo recursos significativos para reforzar estas protecciones y se enfoca en diseñar soluciones conformes para sus clientes en un entorno regulatorio en rápida evolución caracterizado por un mayor énfasis en la ciberseguridad.","[{'name': 'pypl-Q324-10-Q', 'url': 'https://storage.googleapis.com/reflexivity-documents-prod/edgar/filing/10-q/pypl-Q324-10-Q.html'}, {'name': 'pypl-Q225-10-Q', 'url': 'https://storage.googleapis.com/reflexivity-documents-prod/edgar/filing/10-q/pypl-Q225-10-Q.html'}, {'name': 'pypl-FY24-10-K', 'url': 'https://storage.googleapis.com/reflexivity-documents-prod/edgar/filing/10-k/pypl-FY24-10-K.html'}, {'name': 'pypl-Q125-10-Q', 'url': 'https://storage.googleapis.com/reflexivity-documents-prod/edgar/filing/10-q/pypl-Q125-10-Q.html'}]",199169591,USD,PYPL,SMART,STK,True,CYB
technology,cybersecurity,US7811541090,RUBRIK INC-A,67,Ofrece soluciones críticas de seguridad de datos y resiliencia cibernética que protegen a las organizaciones de los ciberataques modernos y facilitan la recuperación rápida.,"El compromiso de Rubrik con el tema de la Ciberseguridad está profundamente arraigado en su misión principal de proteger los datos del mundo, reconociendo que los ciberataques inevitablemente se dirigen a los datos. La compañía ha desarrollado Zero Trust Data Security para ofrecer resiliencia cibernética, permitiendo a las organizaciones asegurar sus datos en entornos de nube y recuperarse de ataques. Rubrik Security Cloud está diseñado para detectar, analizar y remediar riesgos de seguridad de datos, reflejando la creencia de la compañía de que el futuro de la ciberseguridad reside en la seguridad de los datos. A medida que Rubrik evoluciona hacia una empresa de seguridad e IA, combina de manera única la gestión de la postura de seguridad de datos, la resiliencia de la identidad y la recuperación cibernética en su plataforma RSC, solidificando su posición en el mercado de la resiliencia cibernética.","[{'name': 'rbrk-Q126-10-Q', 'url': 'https://storage.googleapis.com/reflexivity-documents-prod/edgar/filing/10-q/rbrk-Q126-10-Q.html'}, {'name': 'rbrk-FY25-10-K', 'url': 'https://storage.googleapis.com/reflexivity-documents-prod/edgar/filing/10-k/rbrk-FY25-10-K.html'}, {'name': 'rbrk-Q325-10-Q', 'url': 'https://storage.googleapis.com/reflexivity-documents-prod/edgar/filing/10-q/rbrk-Q325-10-Q.html'}]",699030013,USD,RBRK,SMART,STK,False,CYB
technology,cybersecurity,US0427351004,ARROW ELECTRONICS INC,68,Proporciona una gama de productos y servicios que respaldan y permiten soluciones de ciberseguridad para sus clientes en los sectores de computación empresarial y componentes electrónicos.,"La participación de Arrow en Ciberseguridad es evidente a través de su segmento global reportable de ECS, que proporciona soluciones y servicios informáticos, incluidas ofertas de seguridad. La cartera de la empresa abarca soluciones de centros de datos, nube, seguridad y análisis, con un crecimiento en la región EMEA atribuido a una mayor demanda de productos de seguridad. Sin embargo, la debilidad de las ventas en almacenamiento de datos, ciberseguridad e inteligencia de datos en la región de América, junto con una menor demanda de almacenamiento y seguridad, indica un impacto fluctuante de este tema en el rendimiento general de la empresa.","[{'name': 'arw-Q324-10-Q', 'url': 'https://storage.googleapis.com/reflexivity-documents-prod/edgar/filing/10-q/arw-Q324-10-Q.html'}, {'name': 'arw-FY24-10-K', 'url': 'https://storage.googleapis.com/reflexivity-documents-prod/edgar/filing/10-k/arw-FY24-10-K.html'}, {'name': 'arw-Q125-10-Q', 'url': 'https://storage.googleapis.com/reflexivity-documents-prod/edgar/filing/10-q/arw-Q125-10-Q.html'}, {'name': 'arw-Q225-10-Q', 'url': 'https://storage.googleapis.com/reflexivity-documents-prod/edgar/filing/10-q/arw-Q225-10-Q.html'}]",4568,USD,ARW,SMART,STK,True,CYB
technology,cybersecurity,US2681501092,DYNATRACE INC,69,Proporciona una plataforma de inteligencia de software que unifica la observabilidad y la seguridad para proteger las aplicaciones e infraestructura nativas de la nube de las amenazas cibernéticas.,"La plataforma de Dynatrace está significativamente moldeada por consideraciones de ciberseguridad, ya que incorpora seguridad continua de aplicaciones en tiempo de ejecución y ayuda a las organizaciones a abordar las amenazas de ciberseguridad en evolución. La plataforma de la empresa combina la observabilidad con la seguridad de aplicaciones, aprovechando la IA para automatizar y proporcionar información inteligente basada en datos. Dynatrace también reconoce el creciente panorama de amenazas de ciberseguridad, que impulsa la necesidad de una protección más sofisticada y está ampliando sus ofertas en áreas como el análisis de vulnerabilidades y la gestión de la postura de seguridad en la nube, con un equipo de ataque de AppSec centrado en estrategias de comercialización.","[{'name': 'dt-Q225-10-Q', 'url': 'https://storage.googleapis.com/reflexivity-documents-prod/edgar/filing/10-q/dt-Q225-10-Q.html'}, {'name': 'dt-FY25-10-K', 'url': 'https://storage.googleapis.com/reflexivity-documents-prod/edgar/filing/10-k/dt-FY25-10-K.html'}, {'name': 'dt-Q126-10-Q', 'url': 'https://storage.googleapis.com/reflexivity-documents-prod/edgar/filing/10-q/dt-Q126-10-Q.html'}, {'name': 'dt-Q325-10-Q', 'url': 'https://storage.googleapis.com/reflexivity-documents-prod/edgar/filing/10-q/dt-Q325-10-Q.html'}]",376427905,USD,DT,SMART,STK,True,CYB
technology,cybersecurity,IL0011684185,JFROG LTD,70,"Asegura la cadena de suministro de software gestionando y protegiendo binarios y artefactos, identificando vulnerabilidades y garantizando el cumplimiento durante todo el ciclo de vida del desarrollo.","El compromiso de JFrog con la ciberseguridad es evidente en su provisión de una plataforma de cadena de suministro de software diseñada para ofrecer actualizaciones de software seguras y confiables desde el código hasta la producción. El enfoque de la empresa en la seguridad se destaca por la creciente adopción de sus productos de seguridad, que ha impulsado un crecimiento secuencial en la retención neta de dólares. Las soluciones de seguridad de JFrog están transformando la industria al reemplazar las soluciones puntuales heredadas con una plataforma unificada, y la empresa está asegurando activamente la comunidad de IA contra amenazas emergentes, como lo demuestra el trabajo de su equipo de investigación de seguridad al descubrir y publicar riesgos de explotación. Además, las capacidades de la plataforma de JFrog se han expandido para incluir la detección de modelos de ML maliciosos, y el plan de continuidad del negocio de la empresa incorpora un pilar tecnológico dedicado a la seguridad y la ciberdefensa.","[{'name': 'frog-Q125-10-Q', 'url': 'https://storage.googleapis.com/reflexivity-documents-prod/edgar/filing/10-q/frog-Q125-10-Q.html'}, {'name': 'frog-FY24-10-K', 'url': 'https://storage.googleapis.com/reflexivity-documents-prod/edgar/filing/10-k/frog-FY24-10-K.html'}, {'name': 'frog-Q225-10-Q', 'url': 'https://storage.googleapis.com/reflexivity-documents-prod/edgar/filing/10-q/frog-Q225-10-Q.html'}]",445419999,USD,FROG,SMART,STK,False,CYB
technology,cybersecurity,US25862V1052,DOUBLEVERIFY HOLDINGS INC,71,Opera en el dominio de la Ciberseguridad.,"El compromiso de DoubleVerify con la ciberseguridad se evidencia en su dedicación a hacer que el ecosistema de publicidad digital sea más fuerte, seguro y confiable. Este compromiso se refleja en los esfuerzos de la empresa por crear transacciones publicitarias más efectivas y transparentes, que preservan el intercambio de valor justo entre compradores y vendedores de medios digitales. DoubleVerify ofrece soluciones de prevención de fraude en varias plataformas, ayudando a los anunciantes a prevenir el fraude y garantizar la idoneidad de la marca. La Authentic Ad Suite de la empresa ejemplifica aún más su dedicación a evaluar y mitigar el fraude dentro del panorama de la publicidad digital.","[{'name': 'dv-Q125-10-Q', 'url': 'https://storage.googleapis.com/reflexivity-documents-prod/edgar/filing/10-q/dv-Q125-10-Q.html'}, {'name': 'dv-FY24-10-K', 'url': 'https://storage.googleapis.com/reflexivity-documents-prod/edgar/filing/10-k/dv-FY24-10-K.html'}, {'name': 'dv-Q324-10-Q', 'url': 'https://storage.googleapis.com/reflexivity-documents-prod/edgar/filing/10-q/dv-Q324-10-Q.html'}, {'name': 'dv-Q225-10-Q', 'url': 'https://storage.googleapis.com/reflexivity-documents-prod/edgar/filing/10-q/dv-Q225-10-Q.html'}]",483311209,USD,DV,SMART,STK,True,CYB
technology,cybersecurity,US52661A1088,LEONARDO DRS INC,72,"Proporciona soluciones y servicios de ciberseguridad, cruciales para proteger la infraestructura crítica y los sistemas de defensa contra las amenazas digitales en evolución.","El compromiso de la empresa con la ciberseguridad se refleja en su oferta de productos de computación en red ciber-resilientes. Estos productos respaldan la necesidad del Departamento de Defensa de una transmisión de datos segura entre los centros de mando y los activos de defensa, enfatizando la importancia de la ciber-resiliencia en sus aplicaciones de defensa. Las capacidades de detección de la empresa se complementan con estos productos de computación en red.","[{'name': 'drs-Q225-10-Q', 'url': 'https://storage.googleapis.com/reflexivity-documents-prod/edgar/filing/10-q/drs-Q225-10-Q.html'}]",478483396,USD,DRS,SMART,STK,False,CYB
technology,cybersecurity,US90364P1057,UIPATH INC - CLASS A,73,"Aprovecha su plataforma de automatización robótica de procesos para automatizar y mejorar las operaciones de ciberseguridad, incluida la ejecución de tareas de seguridad, la aplicación de cumplimiento y los flujos de trabajo de respuesta a incidentes.","La participación de UiPath en el tema de la ciberseguridad se demuestra a través del despliegue de sus Agentes Codificados por Cato Networks, una empresa de ciberseguridad especializada en el servicio de borde de acceso seguro. Estos agentes se utilizan en producción para la clasificación y el análisis de tickets de TI, con un programa piloto en curso para un agente maestro de soporte de TI que se espera que resuelva un porcentaje significativo de tickets. UiPath también está expandiendo el soporte para marcos de código abierto como LlamaIndex, que tiene relevancia para la seguridad, y sus Agentes Codificados se utilizan para desplegar agentes seguros y auditables construidos en torno a datos y sistemas.",,483311199,USD,PATH,SMART,STK,False,CYB
technology,cybersecurity,US1271903049,CACI INTERNATIONAL INC -CL A,74,"Proporciona soluciones y servicios avanzados de ciberseguridad a clientes gubernamentales y comerciales, protegiendo la infraestructura crítica y los datos de las amenazas cibernéticas en evolución.","CACI demuestra su compromiso con la ciberseguridad a través de su enfoque en el ciberespacio como un dominio clave para la seguridad nacional, junto con el espacio y el espectro electromagnético. Esto se refuerza con un aumento del gasto en la modernización de redes y aplicaciones, así como en mejoras de su postura de ciberseguridad. Además, CACI ofrece Soluciones Comerciales para Información Clasificada (CSfC) para garantizar un acceso seguro y ubicuo, y moderniza redes críticas y aplicaciones de software a escala empresarial para mejorar la seguridad.","[{'name': 'caci-Q325-10-Q', 'url': 'https://storage.googleapis.com/reflexivity-documents-prod/edgar/filing/10-q/caci-Q325-10-Q.html'}, {'name': 'caci-Q125-10-Q', 'url': 'https://storage.googleapis.com/reflexivity-documents-prod/edgar/filing/10-q/caci-Q125-10-Q.html'}, {'name': 'caci-Q225-10-Q', 'url': 'https://storage.googleapis.com/reflexivity-documents-prod/edgar/filing/10-q/caci-Q225-10-Q.html'}, {'name': 'caci-FY25-10-K', 'url': 'https://storage.googleapis.com/reflexivity-documents-prod/edgar/filing/10-k/caci-FY25-10-K.html'}]",267197,USD,CACI,SMART,STK,True,CYB
technology,cybersecurity,US50077B2079,KRATOS DEFENSE & SECURITY,75,"Desarrolla y proporciona soluciones avanzadas de ciberseguridad críticas para proteger sistemas de defensa, redes gubernamentales e infraestructura de seguridad nacional de las amenazas cibernéticas en evolución.","El compromiso de Kratos con el tema de la Ciberseguridad es evidente a través de su negocio cibernético, que está experimentando un cambio impulsado por ofertas gubernamentales y de seguridad nacional. Esto incluye Kratos Government Solutions (KGS), que abarca segmentos operativos cibernéticos, y la empresa está mejorando activamente su infraestructura de seguridad, incluidas las medidas de ciberseguridad. Además, Kratos reconoce y aborda los riesgos relacionados con las brechas de seguridad y los ataques de ciberseguridad, con ingresos crecientes en sus negocios espaciales, satelitales y cibernéticos.","[{'name': 'ktos-Q225-10-Q', 'url': 'https://storage.googleapis.com/reflexivity-documents-prod/edgar/filing/10-q/ktos-Q225-10-Q.html'}]",68492173,USD,KTOS,SMART,STK,True,CYB
