type,link_type,key,name,rank,description,evidence,evidenceSources,conid,currency,symbol,exchange,assetType,navigable
financials,fintech_solutions,US92826C8394,VISA INC-CLASS A SHARES,1,"Facilita y habilita una amplia gama de innovaciones en pagos digitales, apoyando el desarrollo y la adopción de soluciones de tecnología financiera a nivel mundial.","La fuerte participación de Visa en Soluciones Fintech es evidente a través de sus adquisiciones estratégicas y operaciones comerciales principales. Las adquisiciones de Featurespace, un desarrollador de tecnología de protección de pagos con IA en tiempo real, y Pismo Holdings, una plataforma de procesamiento de emisores nativa de la nube y banca central, demuestran la inversión de Visa en innovación fintech. Visa facilita el comercio global y el movimiento de dinero a través de tecnologías innovadoras, brindando servicios de procesamiento de transacciones a través de VisaNet. Además, Visa se asocia activamente con empresas fintech como Sunny y Wealthsimple, ofreciendo soluciones personalizadas como tarjetas de desembolso prepagas y ofertas para clientes de alto patrimonio.","[{'name': 'v-Q325-10-Q', 'url': 'https://storage.googleapis.com/reflexivity-documents-prod/edgar/filing/10-q/v-Q325-10-Q.html'}, {'name': 'v-Q225-10-Q', 'url': 'https://storage.googleapis.com/reflexivity-documents-prod/edgar/filing/10-q/v-Q225-10-Q.html'}, {'name': 'v-FY24-10-K', 'url': 'https://storage.googleapis.com/reflexivity-documents-prod/edgar/filing/10-k/v-FY24-10-K.html'}]",49462172,USD,V,SMART,STK,True
financials,fintech_solutions,US70450Y1038,PAYPAL HOLDINGS INC,2,"Proporciona un conjunto completo de soluciones digitales de pago y tecnología financiera, lo que permite transacciones seguras y convenientes para consumidores y empresas a nivel mundial.","La participación de PayPal en Soluciones Fintech es evidente en su misión de revolucionar el comercio a nivel mundial, permitiendo pagos digitales y simplificando las experiencias comerciales para consumidores y comerciantes. La empresa se está transformando activamente de una empresa de pagos tradicional a una plataforma de comercio dinámica, conectando a millones de consumidores y comerciantes a través de su plataforma abierta bidireccional. Esta transformación está respaldada por inversiones en servicios de valor añadido y el desarrollo de una billetera inteligente dinámica, destinada a proporcionar experiencias de compra personalizadas e innovadoras. Como plataforma tecnológica líder, PayPal se enfoca en crear experiencias innovadoras que simplifican el movimiento de dinero, la venta y las compras, tanto en línea como fuera de línea.","[{'name': 'pypl-FY24-10-K', 'url': 'https://storage.googleapis.com/reflexivity-documents-prod/edgar/filing/10-k/pypl-FY24-10-K.html'}, {'name': 'pypl-Q125-10-Q', 'url': 'https://storage.googleapis.com/reflexivity-documents-prod/edgar/filing/10-q/pypl-Q125-10-Q.html'}, {'name': 'pypl-Q324-10-Q', 'url': 'https://storage.googleapis.com/reflexivity-documents-prod/edgar/filing/10-q/pypl-Q324-10-Q.html'}]",199169591,USD,PYPL,SMART,STK,True
financials,fintech_solutions,US31620M1062,FIDELITY NATIONAL INFO SERV,3,"Proporciona un conjunto completo de soluciones de tecnología financiera que impulsan la industria global de servicios financieros, permitiendo funciones críticas para bancos, comerciantes y empresas de mercados de capitales.","FIS se identifica como una empresa de tecnología financiera que proporciona soluciones a instituciones financieras, empresas y desarrolladores, lo que es un aspecto central de sus operaciones. Esto se demuestra aún más por el hecho de que los flujos de ingresos de la empresa se derivan de soluciones tecnológicas y de procesamiento, junto con inversiones en empresas que desarrollan tecnologías complementarias en el espacio de los servicios financieros. La dedicación de FIS a avanzar en la forma en que el mundo paga, opera bancariamente e invierte, combinada con su estrategia Future Forward y el lanzamiento del Money Movement Hub, subraya la importancia de las soluciones fintech para impulsar el éxito de la empresa. La empresa también se centra en soluciones digitales, incluida la adquisición de Issuer Solutions y la selección de su producto Digital One por parte de un banco comunitario del Medio Oeste, lo que pone de relieve la importancia estratégica de mejorar las capacidades digitales.","[{'name': 'fis-Q225-10-Q', 'url': 'https://storage.googleapis.com/reflexivity-documents-prod/edgar/filing/10-q/fis-Q225-10-Q.html'}, {'name': 'fis-FY24-10-K', 'url': 'https://storage.googleapis.com/reflexivity-documents-prod/edgar/filing/10-k/fis-FY24-10-K.html'}, {'name': 'fis-Q125-10-Q', 'url': 'https://storage.googleapis.com/reflexivity-documents-prod/edgar/filing/10-q/fis-Q125-10-Q.html'}, {'name': 'fis-Q324-10-Q', 'url': 'https://storage.googleapis.com/reflexivity-documents-prod/edgar/filing/10-q/fis-Q324-10-Q.html'}]",37866641,USD,FIS,SMART,STK,True
financials,fintech_solutions,US57636Q1040,MASTERCARD INC - A,4,"Proporciona infraestructura de pago, tecnología y servicios de red esenciales que permiten y aceleran el desarrollo y la adopción de diversas innovaciones fintech en todo el ecosistema financiero global.","Mastercard opera como una empresa de tecnología dentro de la industria global de pagos, facilitando los pagos electrónicos y ofreciendo diversas soluciones de pago. Esto se destaca por sus asociaciones con plataformas fintech como OnePay y Mercado Libre, junto con colaboraciones como el lanzamiento de una nueva tarjeta de crédito con Walmart a través de una asociación con OnePay y Synchrony. Además, la participación de Mastercard se extiende a capacidades de banca abierta a través de asociaciones con Deutsche Bank y Payoneer, lo que demuestra su inversión en servicios diseñados para acelerar el crecimiento de las pequeñas empresas en toda Europa. La función principal de la empresa implica conectar a varias entidades en todo el mundo al permitir transacciones de pago electrónico seguras y accesibles.","[{'name': 'ma-Q225-10-Q', 'url': 'https://storage.googleapis.com/reflexivity-documents-prod/edgar/filing/10-q/ma-Q225-10-Q.html'}, {'name': 'ma-Q125-10-Q', 'url': 'https://storage.googleapis.com/reflexivity-documents-prod/edgar/filing/10-q/ma-Q125-10-Q.html'}, {'name': 'ma-Q324-10-Q', 'url': 'https://storage.googleapis.com/reflexivity-documents-prod/edgar/filing/10-q/ma-Q324-10-Q.html'}, {'name': 'ma-FY24-10-K', 'url': 'https://storage.googleapis.com/reflexivity-documents-prod/edgar/filing/10-k/ma-FY24-10-K.html'}]",38685693,USD,MA,SMART,STK,True
financials,fintech_solutions,US58733R1023,MERCADOLIBRE INC,5,"Ofrece una amplia gama de procesamiento de pagos digitales, crédito y servicios financieros a través de su plataforma Mercado Pago, facilitando el comercio y la inclusión financiera en sus regiones operativas.","MercadoLibre se identifica como el ecosistema líder de comercio electrónico y fintech en América Latina, enfatizando la importancia de su plataforma Mercado Pago. Esta plataforma es líder en usuarios activos mensuales en México, Argentina y Chile, y la segunda más grande en Brasil, ofreciendo un portafolio completo de servicios financieros a consumidores y comerciantes. Los servicios fintech de la compañía continúan ganando una fuerte tracción, con un crecimiento significativo en usuarios activos mensuales, activos bajo gestión y cartera de crédito, lo que refleja su importancia estratégica y la inversión continua en soluciones fintech. MercadoLibre tiene como objetivo transformar los servicios financieros y convertirse en el banco digital más grande de la región, interrumpiendo los mercados tradicionales y solidificando su posición en el panorama fintech.","[{'name': 'meli-FY24-10-K', 'url': 'https://storage.googleapis.com/reflexivity-documents-prod/edgar/filing/10-k/meli-FY24-10-K.html'}, {'name': 'meli-Q225-10-Q', 'url': 'https://storage.googleapis.com/reflexivity-documents-prod/edgar/filing/10-q/meli-Q225-10-Q.html'}, {'name': 'meli-Q125-10-Q', 'url': 'https://storage.googleapis.com/reflexivity-documents-prod/edgar/filing/10-q/meli-Q125-10-Q.html'}]",45602025,USD,MELI,SMART,STK,False
financials,fintech_solutions,US46625H1005,JPMORGAN CHASE & CO,6,"Desarrolla e integra soluciones tecnológicas avanzadas para modernizar la banca, el procesamiento de pagos y otros servicios financieros, impulsando la innovación dentro del sector de la tecnología financiera.","JPMorgan reconoce la importancia de las empresas fintech, particularmente sus esfuerzos por innovar en sistemas de pago y programas de recompensas, lo que impulsa a la empresa a mantenerse informada e involucrada en el espacio fintech. Esto se refleja en la continua inversión de JPMorgan en tecnología y el crecimiento de su base de empleados tecnológicos. La empresa reconoce a las fintech como una fuerza competitiva, lo que requiere que sean conscientes de los avances, a pesar de que no hay evidencia explícita de equipos dedicados o posicionamiento único en la industria fintech.",,1520593,USD,JPM,SMART,STK,True
financials,fintech_solutions,US8522341036,BLOCK INC,7,Proporciona soluciones de tecnología financiera.,"La empresa demuestra su compromiso con las Soluciones Fintech a través de sus ecosistemas Square y Cash App. Square facilita los pagos con tarjeta y ofrece herramientas adicionales de gestión empresarial, mientras que Cash App proporciona productos y servicios financieros para particulares, incluyendo Cash App Card y Cash App Pay. El enfoque de la empresa en estos ecosistemas es evidente en el crecimiento de los productos relacionados con servicios financieros de Cash App, como el uso de Cash App Card, Cash App Borrow y Cash App Instant Deposit, así como los ingresos de su plataforma BNPL. La empresa también utiliza su banco, Square Financial Services, para emitir préstamos al consumidor para Cash App Borrow a nivel nacional.","[{'name': 'xyz-Q225-10-Q', 'url': 'https://storage.googleapis.com/reflexivity-documents-prod/edgar/filing/10-q/xyz-Q225-10-Q.html'}, {'name': 'xyz-Q125-10-Q', 'url': 'https://storage.googleapis.com/reflexivity-documents-prod/edgar/filing/10-q/xyz-Q125-10-Q.html'}, {'name': 'xyz-FY24-10-K', 'url': 'https://storage.googleapis.com/reflexivity-documents-prod/edgar/filing/10-k/xyz-FY24-10-K.html'}]",212671971,USD,XYZ,SMART,STK,True
financials,fintech_solutions,US4612021034,INTUIT INC,8,"Desarrolla y proporciona un conjunto integral de soluciones de tecnología financiera, que incluyen preparación de impuestos, software de contabilidad y gestión de finanzas personales, empoderando a individuos y pequeñas empresas con herramientas para la prosperidad financiera.","El enfoque de Intuit en Soluciones Fintech es evidente en la entrega de productos y servicios de gestión financiera, cumplimiento y marketing, aprovechando la IA, incluida la IA generativa, para transformar la industria de la tecnología financiera. La empresa proporciona productos y servicios impulsados por la tecnología como QuickBooks Online y TurboTax, optimizando la entrega de servicios financieros y automatizando tareas para empresas a través de su plataforma todo en uno y el Intuit Enterprise Suite. Además, Intuit está lanzando una plataforma empresarial transformadora con agentes de IA que automatizan flujos de trabajo y brindan información en tiempo real, mejorando el flujo de caja y impulsando el crecimiento de sus clientes, lo que demuestra un compromiso con soluciones financieras tecnológicamente avanzadas.","[{'name': 'intu-FY24-10-K', 'url': 'https://storage.googleapis.com/reflexivity-documents-prod/edgar/filing/10-k/intu-FY24-10-K.html'}, {'name': 'intu-Q125-10-Q', 'url': 'https://storage.googleapis.com/reflexivity-documents-prod/edgar/filing/10-q/intu-Q125-10-Q.html'}, {'name': 'intu-Q325-10-Q', 'url': 'https://storage.googleapis.com/reflexivity-documents-prod/edgar/filing/10-q/intu-Q325-10-Q.html'}]",270662,USD,INTU,SMART,STK,True
financials,fintech_solutions,KYG6683N1034,NU HOLDINGS LTD/CAYMAN ISL-A,9,"Se enfoca en proporcionar productos y servicios financieros digitales innovadores, incluidas tarjetas de crédito, cuentas y soluciones de inversión, a una amplia base de clientes, impulsando así la adopción y evolución de fintech a nivel mundial.","Nubank opera como una plataforma líder de tecnología financiera, que ofrece una gama de productos y servicios, que incluyen banca digital, crédito, seguros e inversiones en criptomonedas. La empresa enfatiza su plataforma de bajo costo y alta eficiencia, que impulsa la adquisición, el compromiso y la monetización de clientes. El enfoque de Nubank en soluciones fintech es fundamental para su modelo de negocio, aprovechando las eficiencias de escala, la automatización de procesos y la inversión sostenida en tecnología para reducir costos y mejorar su modelo de banca digital.",,531212348,USD,NU,SMART,STK,False
financials,fintech_solutions,GB00BL9YR756,WISE PLC - A,10,"Ofrece una infraestructura tecnológica global para pagos transfronterizos, permitiendo transacciones internacionales más rápidas, baratas y transparentes para individuos y empresas.",,,501271364,GBP,WISE,SMART,STK,False
financials,fintech_solutions,NL0012969182,ADYEN NV,11,"Proporciona una plataforma unificada para pagos globales, prevención de fraudes y gestión financiera, lo que permite a las empresas optimizar las operaciones y mejorar las experiencias de los clientes en la economía digital.",,,321202935,EUR,ADYEN,SMART,STK,False
financials,fintech_solutions,US12572Q1058,CME GROUP INC,12,Proporciona plataformas de negociación electrónica críticas y soluciones de datos de mercado que sustentan la infraestructura moderna de tecnología financiera.,"La participación de CME en Soluciones Fintech se refleja en sus inversiones en tecnología, incluido el proyecto de transformación de Google Cloud y las licencias de software. Esto se combina con la operación de plataformas de negociación electrónica como BrokerTec y EBS, que facilitan las transacciones financieras. Los gastos tecnológicos y los servicios de soporte de la empresa están orientados a mejorar sus plataformas e infraestructura existentes. El enfoque de CME en la tecnología es principalmente para respaldar y mejorar sus funciones centrales de intercambio en lugar de desarrollar productos fintech novedosos.","[{'name': 'cme-Q225-10-Q', 'url': 'https://storage.googleapis.com/reflexivity-documents-prod/edgar/filing/10-q/cme-Q225-10-Q.html'}]",45127739,USD,CME,SMART,STK,True
financials,fintech_solutions,US1729674242,CITIGROUP INC,13,"Aprovecha y desarrolla soluciones tecnológicas avanzadas para mejorar sus servicios bancarios, sistemas de pago digital y ofertas de productos financieros para clientes globales.","Citi se enfoca en brindar los beneficios de los avances en stablecoins y activos digitales a sus clientes mediante la modernización de su infraestructura para mejorar la eficiencia, la transparencia y la interoperabilidad. Este compromiso se destaca por Citi Token Services, una solución líder de activos digitales que está activa en cuatro mercados importantes y ha procesado miles de millones de dólares en transacciones desde su lanzamiento. Los esfuerzos de Citi reflejan una intención estratégica de aprovechar los activos digitales y las stablecoins, posicionando a la empresa como un banco global líder enfocado en innovaciones que permiten pagos, compensación y liquidación en tiempo real, 24/7 a través de fronteras y monedas.",,87335484,USD,C,SMART,STK,True
financials,fintech_solutions,IE00B4BNMY34,ACCENTURE PLC-CL A,14,"Ofrece servicios integrales de consultoría y tecnología a instituciones financieras, fomentando la innovación y la adopción de soluciones avanzadas de fintech.","La participación de Accenture en soluciones Fintech se demuestra a través de su asociación con UOB, un banco líder en la ASEAN, para escalar GenAI e IA agentiva, transformando en última instancia la experiencia del cliente y las operaciones centrales. Esta transformación, que aprovecha la plataforma AI Refinery de Accenture, permite un servicio más rápido y personalizado, fortalece la toma de decisiones con información predictiva, acelera los tiempos de respuesta y mejora la resiliencia operativa. Accenture también está ayudando a un importante cliente de servicios financieros a modernizar su infraestructura de datos, que sirve como base para escalar la IA en toda la empresa, impactando áreas desde centros de contacto y marketing hasta finanzas y pisos de negociación. Estas iniciativas posicionan a Accenture como un actor clave en la provisión de soluciones tecnológicas avanzadas para la industria de servicios financieros.",,67889930,USD,ACN,SMART,STK,True
financials,fintech_solutions,US6311031081,NASDAQ INC,15,"Ofrece tecnología de mercado, datos y servicios de listado que son integrales para la infraestructura financiera moderna, impulsando la eficiencia y la innovación dentro del panorama de soluciones fintech.","Nasdaq opera como una empresa global de tecnología, que ofrece plataformas para mejorar la liquidez, la transparencia y la integridad de la economía global. El segmento de Tecnología Financiera de la empresa proporciona soluciones basadas en tecnología para servicios financieros, incluida la gestión de delitos financieros, el cumplimiento normativo y la tecnología de mercados de capitales, lo que contribuye una parte significativa a los ingresos de la empresa. Los clientes de Nasdaq, particularmente en los sectores bancario y de mercados de capitales, se centran en inversiones tecnológicas para modernizar la infraestructura, mejorar la gestión de riesgos y el cumplimiento normativo, y combatir el fraude financiero, impulsando el impulso en la modernización de la infraestructura, la preparación acelerada para la nube y la gestión de datos mejorada. Las ofertas de la empresa incluyen contratos de suscripción de SaaS de Tecnología de Gestión de Delitos Financieros, contratos de suscripción y soporte de SaaS de Tecnología Regulatoria, y contratos de suscripción y soporte de SaaS de Tecnología de Mercados de Capitales.","[{'name': 'ndaq-Q125-10-Q', 'url': 'https://storage.googleapis.com/reflexivity-documents-prod/edgar/filing/10-q/ndaq-Q125-10-Q.html'}, {'name': 'ndaq-FY24-10-K', 'url': 'https://storage.googleapis.com/reflexivity-documents-prod/edgar/filing/10-k/ndaq-FY24-10-K.html'}, {'name': 'ndaq-Q225-10-Q', 'url': 'https://storage.googleapis.com/reflexivity-documents-prod/edgar/filing/10-q/ndaq-Q225-10-Q.html'}, {'name': 'ndaq-Q324-10-Q', 'url': 'https://storage.googleapis.com/reflexivity-documents-prod/edgar/filing/10-q/ndaq-Q324-10-Q.html'}]",29380756,USD,NDAQ,SMART,STK,True
financials,fintech_solutions,US8085131055,SCHWAB (CHARLES) CORP,16,"Aprovecha la tecnología para mejorar los servicios financieros, ofreciendo plataformas digitales para la gestión de patrimonios, negociación y soluciones bancarias a los clientes.","El compromiso de Schwab con las Soluciones Fintech es evidente en sus continuas inversiones en tecnología para respaldar el crecimiento, mejorar la infraestructura y desarrollar nuevos productos y capacidades. La empresa se enfoca en evolucionar sus ofertas con nuevos productos como la plataforma de alternativas minoristas y en impulsar la eficiencia mediante el uso de IA para potenciar a los representantes que atienden a los clientes. Schwab también aprovecha los canales digitales para interactuar con los clientes y está invirtiendo en IA para mejorar la experiencia del cliente. Si bien Schwab es reconocida por sus plataformas de inversión, su compromiso con las Soluciones Fintech parece centrarse más en mejorar los servicios existentes e impulsar la eficiencia interna que en ser un generador de ingresos principal.","[{'name': 'schw-FY24-10-K', 'url': 'https://storage.googleapis.com/reflexivity-documents-prod/edgar/filing/10-k/schw-FY24-10-K.html'}]",11905,USD,SCHW,SMART,STK,True
financials,fintech_solutions,US37940X1028,GLOBAL PAYMENTS INC,17,"Proporciona tecnologías avanzadas de procesamiento de pagos y soluciones de software, lo que permite a las empresas gestionar transacciones digitales y operaciones financieras de manera eficiente dentro del panorama fintech.","Global Payments se identifica como una empresa líder en tecnología de pagos que ofrece software y servicios innovadores a clientes a nivel mundial, enfatizando su posición en la industria de Soluciones Fintech. Las tecnologías y servicios de la empresa permiten a los clientes operar sus negocios de manera más eficiente a través de diversos canales, y se centra en ofrecer soluciones de comercio de primera clase mediante la adquisición de tecnología para mejorar sus ofertas. Además, Global Payments está integrando ofertas de finanzas integradas a través de las soluciones existentes de Worldpay y mejorando las ofertas de finanzas integradas para comerciantes, lo que demuestra un compromiso con la expansión de sus capacidades fintech.","[{'name': 'gpn-Q225-10-Q', 'url': 'https://storage.googleapis.com/reflexivity-documents-prod/edgar/filing/10-q/gpn-Q225-10-Q.html'}, {'name': 'gpn-Q324-10-Q', 'url': 'https://storage.googleapis.com/reflexivity-documents-prod/edgar/filing/10-q/gpn-Q324-10-Q.html'}, {'name': 'gpn-Q125-10-Q', 'url': 'https://storage.googleapis.com/reflexivity-documents-prod/edgar/filing/10-q/gpn-Q125-10-Q.html'}, {'name': 'gpn-FY24-10-K', 'url': 'https://storage.googleapis.com/reflexivity-documents-prod/edgar/filing/10-k/gpn-FY24-10-K.html'}]",11477774,USD,GPN,SMART,STK,True
financials,fintech_solutions,KR7035720002,KAKAO CORP,18,"Ofrece una suite integral de servicios financieros digitales, incluyendo pagos móviles y banca, que son integrales para el avance de las soluciones fintech.",,,36834724,KRW,035720,KSE,STK,False
financials,fintech_solutions,US62886E1082,NCR VOYIX CORP,19,Proporciona tecnología y servicios esenciales que sustentan las transacciones financieras modernas y las experiencias de banca digital dentro del ecosistema fintech.,,,2381302,USD,VYX,SMART,STK,True
financials,fintech_solutions,US83406F1021,SOFI TECHNOLOGIES INC,20,"Proporciona un conjunto completo de productos financieros digitales que incluyen préstamos, banca e inversiones, aprovechando la tecnología para ofrecer soluciones financieras accesibles e integradas.","SoFi opera como una empresa de servicios financieros nativa digital y impulsada por la tecnología, que ofrece un conjunto de soluciones fintech en préstamos, banca y servicios de inversión. La empresa aprovecha su plataforma tecnológica para desarrollar y lanzar rápidamente nuevos productos, con un enfoque en proporcionar una experiencia digital integral e integrada para sus miembros. El compromiso de SoFi con la innovación es evidente en el desarrollo de productos impulsados por IA como SoFi Expensear y SoFi Cash Coach, así como en adquisiciones estratégicas destinadas a expandir las capacidades de su plataforma tecnológica. El énfasis de la empresa en la innovación de productos y la construcción de marca subraya la importancia de las soluciones fintech para su estrategia general.","[{'name': 'sofi-Q225-10-Q', 'url': 'https://storage.googleapis.com/reflexivity-documents-prod/edgar/filing/10-q/sofi-Q225-10-Q.html'}, {'name': 'sofi-Q125-10-Q', 'url': 'https://storage.googleapis.com/reflexivity-documents-prod/edgar/filing/10-q/sofi-Q125-10-Q.html'}, {'name': 'sofi-FY24-10-K', 'url': 'https://storage.googleapis.com/reflexivity-documents-prod/edgar/filing/10-k/sofi-FY24-10-K.html'}]",494162724,USD,SOFI,SMART,STK,False
financials,fintech_solutions,US12503M1080,CBOE GLOBAL MARKETS INC,21,"Proporciona soluciones comerciales innovadoras e infraestructura de mercado que sustentan los avances en tecnología financiera, facilitando operaciones de mercado eficientes y el acceso de los participantes.","La participación de Cboe en Soluciones Fintech es evidente en su entrega de 'soluciones comerciales, de compensación y de inversión de vanguardia', lo que refleja los esfuerzos de la empresa para optimizar la prestación de servicios financieros. Aunque no se indica explícitamente, el enfoque de la empresa en la innovación en estas áreas sugiere una dependencia implícita de fintech. Aunque Soluciones Fintech no se menciona explícitamente, su importancia en la industria financiera contribuye a la actividad de Cboe en el espacio fintech.","[{'name': 'cboe-Q225-10-Q', 'url': 'https://storage.googleapis.com/reflexivity-documents-prod/edgar/filing/10-q/cboe-Q225-10-Q.html'}]",76227954,USD,CBOE,SMART,STK,True
financials,fintech_solutions,US8574771031,STATE STREET CORP,22,"Aprovecha la tecnología para desarrollar e implementar soluciones financieras innovadoras, mejorando sus ofertas en servicios de activos, gestión de inversiones y negociación para clientes institucionales.","La participación de State Street en Soluciones Fintech es evidente a través de varias iniciativas. La plataforma State Street Alpha de la empresa integra herramientas de gestión de carteras, negociación, análisis y cumplimiento, mientras que las inversiones estratégicas, como la asociación con Ethic, un proveedor de tecnología para asesores de patrimonio, demuestran un compromiso para ampliar el acceso de los inversores y fortalecer su franquicia intermediaria. Además, los ingresos por tarifas de software y procesamiento de la empresa han aumentado, impulsados por mayores ingresos de software de front-office y datos asociados con CRD, lo que destaca la creciente importancia de estos servicios relacionados con fintech.","[{'name': 'stt-FY24-10-K', 'url': 'https://storage.googleapis.com/reflexivity-documents-prod/edgar/filing/10-k/stt-FY24-10-K.html'}, {'name': 'stt-Q125-10-Q', 'url': 'https://storage.googleapis.com/reflexivity-documents-prod/edgar/filing/10-q/stt-Q125-10-Q.html'}]",2730980,USD,STT,SMART,STK,True
financials,fintech_solutions,US45866F1049,INTERCONTINENTAL EXCHANGE IN,23,"Proporciona tecnología financiera avanzada y soluciones de datos que son integrales para la operación de los mercados de capitales globales, permitiendo operaciones eficientes, compensación y servicios de información.","La participación de ICE con Fintech Solutions es evidente a través de su segmento de Tecnología Hipotecaria, que ofrece herramientas integrales de flujo de trabajo digital diseñadas para mejorar la eficiencia y reducir los riesgos en el mercado hipotecario residencial de EE. UU. La estrategia de la empresa se centra en impulsar la automatización en todo el sector hipotecario, construyendo una plataforma hipotecaria digital de extremo a extremo que abarca desde la adquisición de clientes hasta los mercados de capitales secundarios. ICE aprovecha la tecnología, los datos y la experiencia para conectar a los clientes, ofreciendo herramientas de misión crítica que mejoran la transparencia de la clase de activos y la eficiencia del flujo de trabajo en instituciones financieras, corporaciones y entidades gubernamentales.","[{'name': 'ice-Q125-10-Q', 'url': 'https://storage.googleapis.com/reflexivity-documents-prod/edgar/filing/10-q/ice-Q125-10-Q.html'}, {'name': 'ice-Q225-10-Q', 'url': 'https://storage.googleapis.com/reflexivity-documents-prod/edgar/filing/10-q/ice-Q225-10-Q.html'}]",136370275,USD,ICE,SMART,STK,True
financials,fintech_solutions,CA82509L1076,SHOPIFY INC - CLASS A,24,"Proporciona una plataforma integral que integra procesamiento de pagos, servicios financieros y otras herramientas fintech para empoderar a los comerciantes con soluciones de comercio fluidas.","Shopify tiene una fuerte conexión con Fintech Solutions, principalmente a través de su oferta de soluciones para comerciantes. Una parte significativa de los ingresos de Shopify, aproximadamente el 75%, se genera a partir de soluciones para comerciantes, que incluyen tarifas de procesamiento de pagos y tarifas de conversión de divisas de Shopify Payments. Shopify Payments es un servicio totalmente integrado que permite a los comerciantes aceptar y procesar pagos en línea y fuera de línea, mientras que otras soluciones fintech incluyen Shop Pay Installments, Shopify Balance y Shopify Capital, todas las cuales optimizan la entrega de servicios financieros para los comerciantes.","[{'name': 'shop-Q125-10-Q', 'url': 'https://storage.googleapis.com/reflexivity-documents-prod/edgar/filing/10-q/shop-Q125-10-Q.html'}, {'name': 'shop-FY24-10-K', 'url': 'https://storage.googleapis.com/reflexivity-documents-prod/edgar/filing/10-k/shop-FY24-10-K.html'}]",195426111,CAD,SHOP,SMART,STK,False
financials,fintech_solutions,US48581R2058,JSC KASPI.KZ ADR,25,"Ofrece una plataforma integrada de super aplicación que ofrece una amplia gama de servicios financieros digitales, que incluyen pagos, banca y funcionalidades de mercado, impulsando la innovación y la adopción en el sector fintech.","El compromiso de Kaspi con las soluciones Fintech es evidente a través de su sólido desempeño financiero e inversiones estratégicas. El negocio de pagos de la compañía demuestra un crecimiento robusto, con ingresos un 16% más altos y un aumento del 21% en el beneficio neto. Para desarrollar aún más productos fintech, Kaspi está adquiriendo Rabobank, un banco con licencia completa en Turkiye, y planea invertir aproximadamente 300 millones de dólares en 2025 para apoyar su estrategia fintech en la región, con un enfoque en servicios digitales y en línea. El negocio fintech de Kaspi continúa generando volúmenes sólidos, con un aumento del 17%, un aumento del 21% en los ingresos y un aumento del 8% en el beneficio neto, impulsado por una base de consumidores muy comprometida y el aprovechamiento de su red de pagos, Kaspi QR.",,450732746,USD,KSPI.USD,VALUE,STK,False
financials,fintech_solutions,US69608A1088,PALANTIR TECHNOLOGIES INC-A,26,"Aprovecha sus plataformas avanzadas de integración de datos y análisis de IA para mejorar la detección de fraudes, la gestión de riesgos y la eficiencia operativa para las instituciones financieras.","La participación de Palantir en Soluciones Fintech se destaca por su trabajo con un gran banco multinacional para automatizar los procesos centrales de back-office, reduciendo significativamente los tiempos de procesamiento de días a minutos. Esta eficiencia no solo reduce los costos laborales, sino que también elimina las restricciones, lo que permite al banco desarrollar productos financieros innovadores. La automatización de estos procesos por parte de Palantir permite la creación de productos financieros nuevos y diferenciados.",,444857009,USD,PLTR,SMART,STK,True
financials,fintech_solutions,US2944291051,EQUIFAX INC,27,"Ofrece servicios críticos de datos, análisis y verificación de identidad que son fundamentales para el desarrollo y la operación de soluciones de tecnología financiera.","La participación de Equifax en Soluciones Fintech es evidente a través de su provisión de soluciones de información, software analítico y servicios de automatización para empresas, gobiernos y consumidores. La empresa aprovecha técnicas estadísticas avanzadas, aprendizaje automático y software propietario para ofrecer información personalizada y herramientas de toma de decisiones, particularmente en áreas como las decisiones de crédito de consumidores y comerciales. Además, Equifax ofrece productos y servicios que ayudan a los consumidores a gestionar su información personal y a tomar decisiones financieras informadas, junto con tecnología para apoyar la gestión de cobros y recuperación de deudas.","[{'name': 'efx-Q125-10-Q', 'url': 'https://storage.googleapis.com/reflexivity-documents-prod/edgar/filing/10-q/efx-Q125-10-Q.html'}, {'name': 'efx-Q225-10-Q', 'url': 'https://storage.googleapis.com/reflexivity-documents-prod/edgar/filing/10-q/efx-Q225-10-Q.html'}]",6735,USD,EFX,SMART,STK,True
financials,fintech_solutions,US0900431000,BILL HOLDINGS INC,28,"Proporciona una plataforma de operaciones financieras basada en la nube que automatiza el pago de facturas, la facturación y la gestión de gastos para pequeñas y medianas empresas, optimizando sus flujos de trabajo financieros con soluciones digitales.","BILL está profundamente involucrado en Soluciones Fintech, principalmente a través de su plataforma de operaciones financieras diseñada para pequeñas y medianas empresas (PYMES). La empresa automatiza los procesos financieros, ofreciendo soluciones integradas para la gestión de pagos, cuentas por cobrar y gastos. BILL está innovando activamente con nuevo software y productos de pago, incluidos Supplier Payments Plus y BILL Procurement, que agilizan las transacciones de pago y consolidan diversas funciones financieras en una sola plataforma. Además, BILL utiliza IA para mejorar su plataforma, mejorar la eficiencia y ampliar su alcance de mercado, reforzando su posición como líder en la automatización del futuro de las finanzas para las PYMES.","[{'name': 'bill-Q225-10-Q', 'url': 'https://storage.googleapis.com/reflexivity-documents-prod/edgar/filing/10-q/bill-Q225-10-Q.html'}, {'name': 'bill-Q325-10-Q', 'url': 'https://storage.googleapis.com/reflexivity-documents-prod/edgar/filing/10-q/bill-Q325-10-Q.html'}]",395196161,USD,BILL,SMART,STK,True
financials,fintech_solutions,US0258161092,AMERICAN EXPRESS CO,29,"Se centra en el desarrollo e integración de soluciones de pago digital, tecnologías de prevención de fraudes y plataformas financieras innovadoras para mejorar sus servicios principales y la experiencia del cliente.","El compromiso de American Express con las Soluciones Fintech es evidente en su papel como empresa global de pagos que aprovecha la tecnología para ofrecer productos y servicios financieros. La empresa se identifica como ""impulsada por la tecnología"" y utiliza nuevas tecnologías para crear soluciones de pago, financiación y banca. American Express compite en la industria global de pagos, empleando tecnologías, modelos de negocio y relaciones con los clientes en evolución para ofrecer diversas opciones de pago. Además, American Express está desarrollando capacidades para clientes PYME y ampliando las ofertas que tienen para pequeñas empresas, integrando tecnología para mejorar la experiencia del cliente PYME.","[{'name': 'axp-Q125-10-Q', 'url': 'https://storage.googleapis.com/reflexivity-documents-prod/edgar/filing/10-q/axp-Q125-10-Q.html'}, {'name': 'axp-Q324-10-Q', 'url': 'https://storage.googleapis.com/reflexivity-documents-prod/edgar/filing/10-q/axp-Q324-10-Q.html'}, {'name': 'axp-Q225-10-Q', 'url': 'https://storage.googleapis.com/reflexivity-documents-prod/edgar/filing/10-q/axp-Q225-10-Q.html'}]",4721,USD,AXP,SMART,STK,True
financials,fintech_solutions,US92345Y1064,VERISK ANALYTICS INC,30,"Ofrece plataformas de análisis de datos y tecnología que permiten la evaluación de riesgos, el cumplimiento normativo y la optimización operativa dentro del sector de la tecnología financiera.",,,69293559,USD,VRSK,SMART,STK,True
financials,fintech_solutions,US78409V1044,S&P GLOBAL INC,31,"Proporciona datos, análisis y puntos de referencia críticos que sustentan y permiten diversas innovaciones tecnológicas y transformaciones digitales dentro de la industria de servicios financieros.","S&P Global demuestra su participación en Soluciones Fintech a través de varias vías. El segmento de Market Intelligence de la empresa proporciona datos y análisis multiclase de activos integrados con soluciones de flujo de trabajo diseñadas específicamente, mientras que sus Enterprise Solutions ofrecen software y soluciones de flujo de trabajo diseñadas para ayudar a los clientes a gestionar y analizar datos, identificar riesgos, reducir costos y cumplir con los requisitos regulatorios globales. S&P Global también ofrece soluciones de tecnología financiera como Wall Street Office, Enterprise Data Manager, Information Mosaic e iLevel, y su Global Markets Group ofrece plataformas de bookbuilding en múltiples activos. Además, la empresa adquirió TeraHelix, una firma de tecnología financiera, y su empresa conjunta OSTTRA proporciona operaciones de procesamiento de operaciones y mitigación de riesgos.","[{'name': 'spgi-Q225-10-Q', 'url': 'https://storage.googleapis.com/reflexivity-documents-prod/edgar/filing/10-q/spgi-Q225-10-Q.html'}, {'name': 'spgi-Q125-10-Q', 'url': 'https://storage.googleapis.com/reflexivity-documents-prod/edgar/filing/10-q/spgi-Q125-10-Q.html'}, {'name': 'spgi-FY24-10-K', 'url': 'https://storage.googleapis.com/reflexivity-documents-prod/edgar/filing/10-k/spgi-FY24-10-K.html'}, {'name': 'spgi-Q324-10-Q', 'url': 'https://storage.googleapis.com/reflexivity-documents-prod/edgar/filing/10-q/spgi-Q324-10-Q.html'}]",229629397,USD,SPGI,SMART,STK,True
financials,fintech_solutions,US55354G1004,MSCI INC,32,"Proporciona datos críticos, análisis y soluciones de índices que sirven como infraestructura fundamental para la innovación y el desarrollo de tecnología financiera.","La participación de MSCI en Soluciones Fintech es evidente a través de sus adquisiciones estratégicas y el desarrollo de herramientas de gestión de patrimonio. Las adquisiciones de Fabric, una plataforma de tecnología de gestión de patrimonio, y Foxberry, una plataforma de tecnología de índices, demuestran un compromiso para mejorar sus capacidades fintech. Además, MSCI está proporcionando una creciente combinación de soluciones para la personalización y individualización de carteras, respaldada por la integración de la plataforma F9 de Foxberry y el marco fundamental de MSCI Wealth Manager. La empresa también aprovecha su experiencia en investigación, datos y tecnología para permitir a los clientes analizar los impulsores clave de riesgo y rendimiento y construir carteras de manera más efectiva.","[{'name': 'msci-Q125-10-Q', 'url': 'https://storage.googleapis.com/reflexivity-documents-prod/edgar/filing/10-q/msci-Q125-10-Q.html'}, {'name': 'msci-FY24-10-K', 'url': 'https://storage.googleapis.com/reflexivity-documents-prod/edgar/filing/10-k/msci-FY24-10-K.html'}]",47101335,USD,MSCI,SMART,STK,True
financials,fintech_solutions,US6177001095,MORNINGSTAR INC,33,"Desarrolla y ofrece soluciones tecnológicas para investigación de inversiones, datos y servicios de asesoramiento financiero, contribuyendo al avance de fintech dentro de la industria financiera.","La participación de la empresa en Soluciones Fintech es evidente en su estrategia para ofrecer información y experiencias esenciales para el flujo de trabajo del inversor a través de potentes soluciones digitales. Esto se logra centrándose en la innovación en datos, investigación, productos y entrega para satisfacer las necesidades cambiantes de los inversores a nivel mundial. La empresa proporciona conjuntos de datos propietarios, análisis significativos, investigación independiente y estrategias de inversión efectivas que forman el núcleo de estas soluciones digitales.","[{'name': 'morn-Q225-10-Q', 'url': 'https://storage.googleapis.com/reflexivity-documents-prod/edgar/filing/10-q/morn-Q225-10-Q.html'}, {'name': 'morn-FY24-10-K', 'url': 'https://storage.googleapis.com/reflexivity-documents-prod/edgar/filing/10-k/morn-FY24-10-K.html'}]",34415020,USD,MORN,SMART,STK,True
financials,fintech_solutions,US00827B1061,AFFIRM HOLDINGS INC,34,"Proporciona soluciones innovadoras de tecnología financiera al ofrecer una plataforma de ""compra ahora, paga después"" que permite a los consumidores financiar compras y a los comerciantes aumentar sus ventas.","El enfoque de Affirm en Soluciones Fintech es evidente en su misión de construir la red de pagos de próxima generación, aprovechando la tecnología moderna, un sólido talento en ingeniería y un enfoque impulsado por la misión para reinventar los pagos y el comercio. Las soluciones de la empresa, diseñadas para facilitar el gasto y el ahorro responsable para los consumidores e impulsar el crecimiento de las ventas para los comerciantes, utilizan el aprendizaje automático, la inteligencia artificial y las tecnologías basadas en la nube para crear productos diferenciados y escalables. Las soluciones de punto de venta de Affirm permiten a los consumidores realizar compras en cantidades fijas sin intereses diferidos ni cargos por pago atrasado, mientras que la tarjeta Affirm y la aplicación móvil ofrecen un conjunto de servicios financieros, que incluyen préstamos a plazos, cuentas de ahorro de alto rendimiento y un mercado personalizado. La experiencia de la empresa en datos y su plataforma tecnológica propietaria proporcionan una ventaja única en la fijación de precios del riesgo, solidificando aún más su posición en el espacio fintech.","[{'name': 'afrm-Q325-10-Q', 'url': 'https://storage.googleapis.com/reflexivity-documents-prod/edgar/filing/10-q/afrm-Q325-10-Q.html'}, {'name': 'afrm-FY25-10-K', 'url': 'https://storage.googleapis.com/reflexivity-documents-prod/edgar/filing/10-k/afrm-FY25-10-K.html'}]",465119069,USD,AFRM,SMART,STK,False
financials,fintech_solutions,KYG851581069,STONECO LTD-A,35,Está involucrada en la industria de Soluciones Fintech.,"El enfoque de StoneCo en servir a las micro, pequeñas y medianas empresas de Brasil se logra a través de la provisión de soluciones financieras impulsadas por la tecnología, que incluyen pagos, banca y servicios de crédito. Su objetivo es ser un proveedor financiero completo, optimizando la entrega de servicios financieros y mejorando las experiencias de los usuarios con productos y servicios impulsados por la tecnología. StoneCo está integrando activamente la tecnología para mejorar sus ofertas de servicios financieros, como lo demuestra el crecimiento de los volúmenes de PIX de MSMB y su estrategia para monetizar PIX en línea con el débito. La empresa también está evaluando la integración de activos de software en su ecosistema fintech principal para mejorar las soluciones existentes y la diferenciación de productos.",,339001919,USD,STNE,SMART,STK,False
financials,fintech_solutions,US4262811015,JACK HENRY & ASSOCIATES INC,36,Proporciona soluciones tecnológicas integrales y servicios de procesamiento de pagos que permiten a las instituciones financieras modernizar sus operaciones y mejorar la experiencia del cliente dentro del panorama fintech.,"Jack Henry & Associates está significativamente involucrada en Soluciones Fintech, como lo demuestra su posición como una empresa de tecnología financiera integral que ofrece soluciones tecnológicas y servicios de procesamiento de pagos a instituciones financieras. La empresa proporciona diversas soluciones fintech, incluida la plataforma digital Banno, Tap2Local y Jack Henry Rapid Transfers, y está trabajando activamente en la habilitación de stablecoins como un canal de pagos. El enfoque de Jack Henry en fintech se demuestra aún más por sus productos y servicios impulsados por la tecnología que optimizan la prestación de servicios financieros, como la plataforma digital Banno y Financial Crimes Defender.","[{'name': 'jkhy-Q125-10-Q', 'url': 'https://storage.googleapis.com/reflexivity-documents-prod/edgar/filing/10-q/jkhy-Q125-10-Q.html'}, {'name': 'jkhy-FY25-10-K', 'url': 'https://storage.googleapis.com/reflexivity-documents-prod/edgar/filing/10-k/jkhy-FY25-10-K.html'}, {'name': 'jkhy-Q325-10-Q', 'url': 'https://storage.googleapis.com/reflexivity-documents-prod/edgar/filing/10-q/jkhy-Q325-10-Q.html'}, {'name': 'jkhy-Q225-10-Q', 'url': 'https://storage.googleapis.com/reflexivity-documents-prod/edgar/filing/10-q/jkhy-Q225-10-Q.html'}]",270869,USD,JKHY,SMART,STK,True
financials,fintech_solutions,US82452J1097,SHIFT4 PAYMENTS INC-CLASS A,37,"Desarrolla y proporciona soluciones tecnológicas integradas y de procesamiento de pagos de extremo a extremo, lo que permite a las empresas de diversas industrias modernizar y optimizar sus operaciones financieras.","Shift4 está profundamente involucrada en Soluciones Fintech, como lo demuestra su misión de redefinir el comercio a través de ecosistemas de pago simplificados y su posición como proveedor independiente líder de soluciones de software y procesamiento de pagos. La empresa se enfoca en la convergencia de pagos y software, particularmente en mercados internacionales, e invierte en tecnologías para diferenciarse. Esto incluye el desarrollo de plataformas como SkyTab y su estrategia de fusiones y adquisiciones que se enfoca en identificar capacidades únicas críticas para la experiencia comercial, como la adquisición de Global Blue, que combinan con su experiencia en procesamiento de pagos para mejorar su ventaja competitiva e impulsar el crecimiento de los ingresos.","[{'name': 'four-FY24-10-K', 'url': 'https://storage.googleapis.com/reflexivity-documents-prod/edgar/filing/10-k/four-FY24-10-K.html'}, {'name': 'four-Q125-10-Q', 'url': 'https://storage.googleapis.com/reflexivity-documents-prod/edgar/filing/10-q/four-Q125-10-Q.html'}, {'name': 'four-Q324-10-Q', 'url': 'https://storage.googleapis.com/reflexivity-documents-prod/edgar/filing/10-q/four-Q324-10-Q.html'}]",425010522,USD,FOUR,SMART,STK,True
financials,fintech_solutions,US90138F1021,TWILIO INC - A,38,"Ofrece API de comunicación que son integrales para la interacción segura con el cliente, notificaciones de transacciones y autenticación multifactor dentro de aplicaciones fintech.","La participación de Twilio en Soluciones Fintech se demuestra a través de su plataforma ConversationRelay, que está siendo utilizada por una empresa fintech líder para automatizar las solicitudes de atención al cliente. Esta automatización incluye el manejo de consultas de límites de crédito, seguimiento de tarjetas y pagos a plazos, mostrando la aplicación de la tecnología de Twilio en el sector de servicios financieros. Twilio está experimentando una fortaleza generalizada en varios verticales, incluidos los servicios financieros, lo que solidifica aún más su papel en la provisión de soluciones a la industria fintech.",,237794430,USD,TWLO,SMART,STK,True
financials,fintech_solutions,US29414B1044,EPAM SYSTEMS INC,39,"Proporciona servicios integrales de consultoría de TI, ingeniería de software y transformación digital a empresas que operan en el sector de tecnología financiera.",,,101898880,USD,EPAM,SMART,STK,True
financials,fintech_solutions,US2561631068,DOCUSIGN INC,40,"Ofrece soluciones de gestión de transacciones digitales y de firma electrónica que son integrales para que las instituciones financieras agilicen las operaciones, mejoren la seguridad y garanticen el cumplimiento dentro del ecosistema fintech.","La conexión de Docusign con Soluciones Fintech se deriva de sus soluciones que aceleran y simplifican los procesos comerciales, incluidos los servicios financieros. Su plataforma IAM y su solución de firma electrónica agilizan los procesos de acuerdos, mejorando la productividad y acelerando los ciclos de revisión de contratos. Si bien los servicios financieros están experimentando un crecimiento para Docusign, las ofertas principales de la compañía impulsan la productividad y transforman los datos de los acuerdos en información, impactando los servicios financieros al optimizar los procesos y mejorar la productividad. Las soluciones de Docusign dan vida a los acuerdos, facilitando la gestión segura de los acuerdos y optimizando la prestación de servicios financieros a través de la tecnología.","[{'name': 'docu-FY25-10-K', 'url': 'https://storage.googleapis.com/reflexivity-documents-prod/edgar/filing/10-k/docu-FY25-10-K.html'}]",316073742,USD,DOCU,SMART,STK,True
financials,fintech_solutions,US19260Q1076,COINBASE GLOBAL INC -CLASS A,41,"Opera como una plataforma líder para la compra, venta y gestión de activos digitales, proporcionando infraestructura y servicios esenciales que representan un componente central de las soluciones fintech modernas.","El enfoque de Coinbase en las criptomonedas y la construcción de infraestructura financiera subraya su compromiso con las Soluciones Fintech, con el objetivo de ser la plataforma de servicios financieros número 1 a nivel mundial. La empresa proporciona infraestructura para nuevos participantes, vendiendo criptomonedas como servicio a clientes institucionales, impulsando la custodia, el comercio y la infraestructura de stablecoins. Coinbase ofrece capacidades de Criptomonedas como Servicio, que incluyen custodia, comercio y pagos, y cuenta con más de 240 empresas que utilizan estos servicios, incluidas BlackRock, PNC, Stripe y PayPal. Además, Coinbase está ampliando el acceso a servicios financieros, impulsando la adopción de stablecoins y construyendo funciones de pago B2B, que incluyen depósitos y retiros con stablecoins.","[{'name': 'coin-Q125-10-Q', 'url': 'https://storage.googleapis.com/reflexivity-documents-prod/edgar/filing/10-q/coin-Q125-10-Q.html'}]",481691285,USD,COIN,SMART,STK,True
financials,fintech_solutions,US2786421030,EBAY INC,42,"Aprovecha un conjunto integral de tecnologías financieras para gestionar pagos, garantizar la seguridad de las transacciones y ofrecer servicios financieros optimizados para los usuarios de su plataforma global de comercio electrónico.","El enfoque de EBay en mejorar la elección del comprador, reducir la fricción en la conversión y expandir las soluciones para los vendedores es evidente en sus servicios de pago y financieros. Esto se demuestra a través de la expansión de su asociación con Klarna al mercado estadounidense, ofreciendo soluciones de ""compra ahora, paga después"". La compañía también menciona la expansión de los servicios financieros ofrecidos a compradores y vendedores dentro de su plataforma de pagos, lo que contribuye al aumento de los ingresos netos, junto con iniciativas como eBay International Shipping y los listados promocionados.","[{'name': 'ebay-Q324-10-Q', 'url': 'https://storage.googleapis.com/reflexivity-documents-prod/edgar/filing/10-q/ebay-Q324-10-Q.html'}]",4347086,USD,EBAY,SMART,STK,True
financials,fintech_solutions,KYG687071012,PAGSEGURO DIGITAL LTD-CL A,43,"Proporciona servicios y soluciones de tecnología financiera, formando una parte central de sus operaciones comerciales.","El enfoque de PagSeguro en Soluciones Fintech es evidente en su ecosistema totalmente integrado que combina pagos, servicios bancarios y de crédito, lo que permite a la empresa aprovechar sus diversos segmentos de negocio y ofrecer una suite integral de productos. Este enfoque integrado está diseñado para profundizar la participación del cliente, aumentar la monetización y capturar una mayor cuota del mercado de servicios financieros. La adquisición de una licencia bancaria ha permitido aún más a PagSeguro ampliar su oferta de productos y profundizar la participación del cliente a través de sus ofertas de crédito y plataforma de banca digital, impulsando niveles significativos de entrada de efectivo dentro de las cuentas de PagBank.",,303325834,USD,PAGS,SMART,STK,False
financials,fintech_solutions,US8887871080,TOAST INC-CLASS A,44,Proporciona soluciones de tecnología financiera.,"Toast opera como una plataforma de tecnología digital basada en la nube adaptada a la industria de restaurantes, ofreciendo un conjunto de productos SaaS y soluciones de tecnología financiera, incluido el procesamiento de pagos integrado. El enfoque de la empresa en fintech se ve subrayado por su plataforma integral, que abarca soluciones de pagos, capital, nómina y programación. El compromiso de Toast con fintech se evidencia aún más por la importante contribución de soluciones fintech no de pago como Toast Capital, que aportó $40 millones en ganancias brutas. Las ganancias brutas de fintech y suscripción de la empresa también han experimentado aumentos sustanciales año tras año, lo que destaca la creciente importancia de estas soluciones para el rendimiento financiero general de Toast.","[{'name': 'tost-Q225-10-Q', 'url': 'https://storage.googleapis.com/reflexivity-documents-prod/edgar/filing/10-q/tost-Q225-10-Q.html'}, {'name': 'tost-Q125-10-Q', 'url': 'https://storage.googleapis.com/reflexivity-documents-prod/edgar/filing/10-q/tost-Q125-10-Q.html'}, {'name': 'tost-FY24-10-K', 'url': 'https://storage.googleapis.com/reflexivity-documents-prod/edgar/filing/10-k/tost-FY24-10-K.html'}]",516097394,USD,TOST,SMART,STK,True
financials,fintech_solutions,US3032501047,FAIR ISAAC CORP,45,"Ofrece software analítico avanzado y soluciones de gestión de decisiones, en particular su sistema de calificación crediticia FICO, que son componentes fundamentales para las aplicaciones de tecnología financiera.","La participación de FICO en Soluciones Fintech es evidente a través de su software y la Puntuación FICO, que operacionalizan el análisis para empresas en numerosos países, permitiéndoles tomar decisiones informadas a escala. La Plataforma FICO de la compañía está diseñada para revolucionar la toma de decisiones organizacionales y aplicar inteligencia en todo el ciclo de vida del cliente, con un enfoque en la toma de decisiones impulsada por IA y el desarrollo de modelos fundacionales centrados en FICO para servicios financieros. Esto se ve respaldado además por asociaciones con empresas como Fujitsu para acelerar la transformación digital de las instituciones financieras e integraciones que permiten productos de seguros personalizados. El segmento de software de FICO también ofrece soluciones analíticas y de gestión de decisiones preconfiguradas adaptadas a necesidades comerciales específicas como la originación de cuentas, la detección de fraudes y el marketing, disponibles a través de SaaS o software local.","[{'name': 'fico-Q125-10-Q', 'url': 'https://storage.googleapis.com/reflexivity-documents-prod/edgar/filing/10-q/fico-Q125-10-Q.html'}, {'name': 'fico-Q225-10-Q', 'url': 'https://storage.googleapis.com/reflexivity-documents-prod/edgar/filing/10-q/fico-Q225-10-Q.html'}]",269280,USD,FICO,SMART,STK,True
financials,fintech_solutions,US11133T1034,BROADRIDGE FINANCIAL SOLUTIO,46,"Proporciona tecnología crítica y soluciones de infraestructura que sustentan los mercados de capitales, la gestión de patrimonio y la gestión de activos, facilitando la transformación digital y la eficiencia operativa dentro de la industria de servicios financieros.","La conexión de Broadridge con Soluciones Fintech es evidente a través de su papel como líder global en tecnología financiera, ofreciendo soluciones impulsadas por la tecnología a una amplia gama de clientes financieros, incluidos bancos, corredores de bolsa y administradores de activos. Las ofertas de la compañía se extienden a la gestión de patrimonio y mercados de capitales, proporcionando tecnología moderna a través de SaaS para permitir el crecimiento y simplificar las pilas tecnológicas. Esto se ve respaldado aún más por la adquisición del negocio de Securities Industry Services (SIS) de Kyndryl para mejorar sus soluciones de gestión de patrimonio, mercados de capitales y TI, lo que demuestra un compromiso con la optimización de la prestación de servicios financieros y el empoderamiento de los clientes para que se centren en sus actividades comerciales principales.","[{'name': 'br-Q325-10-Q', 'url': 'https://storage.googleapis.com/reflexivity-documents-prod/edgar/filing/10-q/br-Q325-10-Q.html'}, {'name': 'br-FY25-10-K', 'url': 'https://storage.googleapis.com/reflexivity-documents-prod/edgar/filing/10-k/br-FY25-10-K.html'}, {'name': 'br-Q125-10-Q', 'url': 'https://storage.googleapis.com/reflexivity-documents-prod/edgar/filing/10-q/br-Q125-10-Q.html'}, {'name': 'br-Q225-10-Q', 'url': 'https://storage.googleapis.com/reflexivity-documents-prod/edgar/filing/10-q/br-Q225-10-Q.html'}]",43523793,USD,BR,SMART,STK,True
financials,fintech_solutions,US96208T1043,WEX INC,47,Desarrolla y proporciona soluciones de tecnología financiera que agilizan el procesamiento de pagos y la gestión de gastos para empresas de diversos sectores.,"La participación de WEX en Soluciones Fintech es evidente a través de su ecosistema B2B, que simplifica los procesos comerciales y gestiona los beneficios de atención médica a través de software SaaS y soluciones de pago integradas. El enfoque de la empresa en soluciones financieras impulsadas por la tecnología se ve aún más resaltado por su tecnología de emisión de tarjetas virtuales, utilizada por una gran empresa fintech que cotiza en bolsa. WEX aprovecha la inteligencia de pagos, la optimización del flujo de trabajo, los datos propietarios y la IA para maximizar los conocimientos financieros y optimizar los flujos de trabajo. Esto se ejemplifica en su segmento de Beneficios, que simplifica la administración de los planes de beneficios para empleados a través de software SaaS integrado con soluciones de pago, y su segmento de Pagos Corporativos, que ofrece soluciones de pago B2B globales impulsadas por inteligencia de pagos y optimización del flujo de trabajo.","[{'name': 'wex-FY24-10-K', 'url': 'https://storage.googleapis.com/reflexivity-documents-prod/edgar/filing/10-k/wex-FY24-10-K.html'}, {'name': 'wex-Q324-10-Q', 'url': 'https://storage.googleapis.com/reflexivity-documents-prod/edgar/filing/10-q/wex-Q324-10-Q.html'}, {'name': 'wex-Q125-10-Q', 'url': 'https://storage.googleapis.com/reflexivity-documents-prod/edgar/filing/10-q/wex-Q125-10-Q.html'}]",115823351,USD,WEX,SMART,STK,True
financials,fintech_solutions,LU0974299876,GLOBANT SA,48,"Proporciona soluciones tecnológicas innovadoras y servicios de transformación digital a instituciones financieras, permitiendo avances en áreas como pagos digitales, banca y gestión de patrimonio.",,,160756766,USD,GLOB,SMART,STK,False
financials,fintech_solutions,US09290D1019,BLACKROCK INC,49,"Aprovecha la tecnología para mejorar la gestión de inversiones, el análisis de riesgos y la interacción con el cliente, impulsando la innovación en servicios financieros.","La participación de BlackRock en Soluciones Fintech es evidente a través de sus servicios de tecnología y suscripción, incluida la plataforma de tecnología de gestión de inversiones y riesgos Aladdin, junto con Aladdin Wealth, eFront, Preqin y Cachematrix, que sirven a una amplia base de clientes institucionales y de gestión de patrimonios. La empresa tiene como objetivo unificar las herramientas de datos e investigación de Preqin con Aladdin y eFront para establecer un proveedor preeminente de tecnología y datos para mercados privados. Además, BlackRock está avanzando en las finanzas Onchain y tiene un fondo de liquidez digital tokenizado de BlackRock disponible en una blockchain pública, que supera los 2.000 millones de dólares en AUM, lo que demuestra su compromiso con la tecnología financiera y la innovación.","[{'name': 'blk-Q125-10-Q', 'url': 'https://storage.googleapis.com/reflexivity-documents-prod/edgar/filing/10-q/blk-Q125-10-Q.html'}, {'name': 'blk-Q225-10-Q', 'url': 'https://storage.googleapis.com/reflexivity-documents-prod/edgar/filing/10-q/blk-Q225-10-Q.html'}]",729193719,USD,BLK,SMART,STK,True
financials,fintech_solutions,US6174464486,MORGAN STANLEY,50,"Integra soluciones avanzadas de tecnología financiera para optimizar sus operaciones de banca de inversión, gestión de patrimonios y valores institucionales, contribuyendo a la evolución de los servicios digitales al cliente y la eficiencia operativa dentro del sector financiero.",,,2841574,USD,MS,SMART,STK,True
financials,fintech_solutions,US0605051046,BANK OF AMERICA CORP,51,Impulsa la innovación en servicios financieros integrando tecnologías digitales avanzadas y soluciones fintech para mejorar sus operaciones bancarias y ofertas a los clientes.,"La participación de Bank of America en Soluciones Fintech es evidente en sus continuas iniciativas de innovación tecnológica, destinadas a mejorar tanto la oferta de productos como la eficiencia operativa. La empresa aprovecha las capacidades de IA a través de su asistente de IA, Erica, e implementa herramientas de IA para mejorar la satisfacción del cliente y optimizar los procesos. Este enfoque en la tecnología ha resultado en que casi el 80% de los hogares de consumidores estén completamente involucrados digitalmente, beneficiándose de plataformas galardonadas. Además, el crecimiento de los cargos por servicios, particularmente dentro de Soluciones de Pago Global, destaca los avances de la empresa en tecnología financiera.",,10098,USD,BAC,SMART,STK,True
financials,fintech_solutions,US2987361092,EURONET WORLDWIDE INC,52,"Proporciona una suite integral de procesamiento de pagos electrónicos, cajeros automáticos y servicios de transferencia de dinero, contribuyendo significativamente al panorama global de soluciones de tecnología financiera.","Euronet opera como un proveedor líder mundial de soluciones de tecnología financiera y pagos, ofreciendo una gama de servicios que incluyen cajeros automáticos, puntos de venta, externalización de tarjetas y adquisición de comerciantes. Su enfoque es evidente a través de la plataforma Ren, la adquisición de CoreCard y las soluciones de pago digital epay, que atienden a bancos digitales, innovadores fintech e instituciones financieras tradicionales. El modelo de negocio de Euronet se basa en el procesamiento de pagos y el cambio de divisas transfronterizo, con expansiones en servicios para bancos y fintechs, así como un enfoque en inversiones tecnológicas en todos los segmentos. Las iniciativas estratégicas de la empresa, como dirigirse a las fintechs como clientes de la plataforma CoreCard y posicionarse como un socio de innovación, resaltan aún más su participación en Soluciones Fintech.","[{'name': 'eeft-Q125-10-Q', 'url': 'https://storage.googleapis.com/reflexivity-documents-prod/edgar/filing/10-q/eeft-Q125-10-Q.html'}, {'name': 'eeft-Q324-10-Q', 'url': 'https://storage.googleapis.com/reflexivity-documents-prod/edgar/filing/10-q/eeft-Q324-10-Q.html'}]",4729968,USD,EEFT,SMART,STK,True
financials,fintech_solutions,US78467J1007,SS&C TECHNOLOGIES HOLDINGS,53,Proporciona tecnología y servicios esenciales que contribuyen al desarrollo y la implementación de Soluciones Fintech.,"El compromiso de SS&C Technologies con las Soluciones Fintech es evidente en su provisión de servicios habilitados por software a instituciones financieras. Las soluciones de software más nuevas de la empresa, como Genesis y Singularity, están ganando terreno, lo que demuestra la inversión en esta área. SS&C también está integrando activamente IA en sus ofertas fintech, incluido el desarrollo de plataformas impulsadas por IA como DealCentre y la venta de agentes de IA. Además, el crecimiento de los ingresos de la empresa está respaldado por sus negocios de Tecnologías de Riqueza e Inversión, Soluciones Globales para Inversores y Distribución, y Automatización Inteligente y Análisis, todos los cuales incorporan elementos de soluciones Fintech.","[{'name': 'ssnc-Q125-10-Q', 'url': 'https://storage.googleapis.com/reflexivity-documents-prod/edgar/filing/10-q/ssnc-Q125-10-Q.html'}, {'name': 'ssnc-FY24-10-K', 'url': 'https://storage.googleapis.com/reflexivity-documents-prod/edgar/filing/10-k/ssnc-FY24-10-K.html'}, {'name': 'ssnc-Q225-10-Q', 'url': 'https://storage.googleapis.com/reflexivity-documents-prod/edgar/filing/10-q/ssnc-Q225-10-Q.html'}]",73911494,USD,SSNC,SMART,STK,False
financials,fintech_solutions,US22266T1097,COUPANG INC,54,Su modelo de negocio incorpora elementos de Soluciones Fintech.,"La participación de Coupang en Soluciones Fintech es evidente a través de la provisión de servicios fintech a clientes a nivel mundial. Estos servicios se ofrecen junto con la venta minorista, la entrega de restaurantes y la transmisión de video bajo marcas como Coupang, Eats y Play. Si bien fintech se incluye entre las ofertas en desarrollo de Coupang, que incluyen pedidos de restaurantes, transmisión de contenido y operaciones minoristas en Taiwán, la ausencia de contribuciones de ingresos detalladas sugiere un alcance limitado o una etapa temprana de desarrollo para estas iniciativas fintech.","[{'name': 'cpng-FY24-10-K', 'url': 'https://storage.googleapis.com/reflexivity-documents-prod/edgar/filing/10-k/cpng-FY24-10-K.html'}, {'name': 'cpng-Q125-10-Q', 'url': 'https://storage.googleapis.com/reflexivity-documents-prod/edgar/filing/10-q/cpng-Q125-10-Q.html'}, {'name': 'cpng-Q225-10-Q', 'url': 'https://storage.googleapis.com/reflexivity-documents-prod/edgar/filing/10-q/cpng-Q225-10-Q.html'}]",475686899,USD,CPNG,SMART,STK,False
financials,fintech_solutions,US52603A2087,LENDINGCLUB CORP,55,"Se enfoca en ofrecer un conjunto integral de productos y servicios financieros digitales, incluidos préstamos personales y banca, aprovechando la tecnología para mejorar la accesibilidad y la experiencia del usuario en el sector financiero.","LendingClub opera como un banco de mercado digital, utilizando estratégicamente datos y tecnología para mejorar el acceso al crédito y aumentar los rendimientos del ahorro para sus miembros. La empresa enfatiza su compromiso de brindar una experiencia digital inteligente, simple y gratificante. LendingClub aprovecha los datos y la tecnología para aumentar el acceso al crédito, reducir los costos de endeudamiento y mejorar los rendimientos del ahorro.",,373514246,USD,LC,SMART,STK,False
financials,fintech_solutions,US0530151036,AUTOMATIC DATA PROCESSING,56,"Proporciona soluciones integrales de gestión de capital humano, incluyendo procesamiento de nóminas, presentación de impuestos y administración de beneficios, aprovechando la tecnología financiera para optimizar y automatizar operaciones comerciales críticas para sus clientes.","El enfoque de ADP en soluciones fintech es evidente a través de su desarrollo e integración de servicios de RR. HH. y nómina impulsados por la tecnología. La empresa ofrece soluciones de nómina integradas, incluida una asociación con el sistema de punto de venta Clover de Fiserv, y está ampliando sus capacidades globales de nómina. ADP también implementa herramientas de IA en sus productos y diversas funciones para mejorar la experiencia del cliente e impulsar la productividad, junto con soluciones como CashFlow Central y Wisely para el acceso al salario ganado, lo que demuestra un compromiso con la optimización de la prestación de servicios financieros.","[{'name': 'adp-Q225-10-Q', 'url': 'https://storage.googleapis.com/reflexivity-documents-prod/edgar/filing/10-q/adp-Q225-10-Q.html'}]",4661,USD,ADP,SMART,STK,True
financials,fintech_solutions,US89400J1079,TRANSUNION,57,"Proporciona datos y análisis críticos para potenciar diversas soluciones fintech, permitiendo la evaluación del riesgo crediticio, la verificación de identidad y la prevención de fraudes para servicios financieros digitales.","La participación de TransUnion en Soluciones Fintech es evidente a través de varias actividades. La empresa ha experimentado una sólida actividad por parte de prestamistas fintech, respaldada por una financiación saludable y una mayor demanda de los consumidores de productos de consolidación de deuda, y ha visto un fortalecimiento en los volúmenes de marketing y en línea de prestamistas fintech y de punto de venta. Además, la adquisición por parte de TransUnion de Monevo, una plataforma que permite a los prestamistas y bancos ofrecer ofertas de crédito personalizadas, demuestra su interés estratégico en el espacio fintech. Estas actividades, incluidas las nuevas victorias comerciales en grandes bancos y FinTechs, resaltan el papel de TransUnion en la provisión de soluciones tecnológicas e información dentro de la industria de servicios financieros.","[{'name': 'tru-Q225-10-Q', 'url': 'https://storage.googleapis.com/reflexivity-documents-prod/edgar/filing/10-q/tru-Q225-10-Q.html'}, {'name': 'tru-FY24-10-K', 'url': 'https://storage.googleapis.com/reflexivity-documents-prod/edgar/filing/10-k/tru-FY24-10-K.html'}, {'name': 'tru-Q125-10-Q', 'url': 'https://storage.googleapis.com/reflexivity-documents-prod/edgar/filing/10-q/tru-Q125-10-Q.html'}]",198051403,USD,TRU,SMART,STK,True
financials,fintech_solutions,US25809K1051,DOORDASH INC - A,58,"Integra soluciones de tecnología financiera para optimizar el procesamiento de pagos y las operaciones financieras dentro de su plataforma de entrega para consumidores, comerciantes y personal de entrega.",,,459309417,USD,DASH,SMART,STK,True
financials,fintech_solutions,US9029733048,US BANCORP,59,Participa en el desarrollo y la implementación de soluciones financieras impulsadas por la tecnología para innovar los servicios bancarios y mejorar la experiencia del cliente.,,,11669769,USD,USB,SMART,STK,True
financials,fintech_solutions,US3024921039,FLYWIRE CORP-VOTING,60,"Proporciona una plataforma global de pagos y cuentas por cobrar, facilitando transacciones complejas en diversas industrias como un componente clave de las Soluciones Fintech.","El compromiso de Flywire con las Soluciones Fintech es evidente a través de sus productos y servicios impulsados por la tecnología que optimizan la prestación de servicios financieros en diversos sectores, incluidos la educación, los viajes, la atención médica y B2B. La evolución de sus servicios financieros para estudiantes a una plataforma educativa más amplia de Software como Servicio ejemplifica esto, ofreciendo una mayor visibilidad de los ingresos y ayudando a los clientes a modernizar sus sistemas. Además, la integración del software de flujo de trabajo de Sertifi con las capacidades de pago global de Flywire y el producto de firma Sertifi Pay, que se integra con los sistemas de hotelería, demuestra el compromiso de Flywire de proporcionar soluciones fintech personalizadas y expandir su alcance en el segmento de hotelería y eventos.",,493119079,USD,FLYW,SMART,STK,False
financials,fintech_solutions,US57060D1081,MARKETAXESS HOLDINGS INC,61,"Ofrece plataformas de negociación electrónica y soluciones tecnológicas para optimizar los mercados de renta fija, mejorando la eficiencia y la conectividad para los participantes del mercado global.","MarketAxess está profundamente involucrada con Soluciones Fintech, como lo demuestra la operación de plataformas líderes de negociación electrónica que mejoran la eficiencia de la negociación y brindan ahorros de costos para los clientes. La empresa aprovecha diversos protocolos de negociación, soluciones de negociación automatizada y algorítmica, y productos de datos inteligentes para ofrecer una solución de negociación de extremo a extremo. Además, MarketAxess está invirtiendo activamente en tecnología, incluidos nuevos algoritmos para la negociación de bonos del Tesoro de EE. UU., el lanzamiento de la plataforma X-Pro y tecnología impulsada por IA como CP+, para mejorar su plataforma y proporcionar datos y análisis a los clientes, lo que les permite tomar decisiones de negociación más rápidas y mejor informadas.","[{'name': 'mktx-Q225-10-Q', 'url': 'https://storage.googleapis.com/reflexivity-documents-prod/edgar/filing/10-q/mktx-Q225-10-Q.html'}, {'name': 'mktx-Q324-10-Q', 'url': 'https://storage.googleapis.com/reflexivity-documents-prod/edgar/filing/10-q/mktx-Q324-10-Q.html'}, {'name': 'mktx-FY24-10-K', 'url': 'https://storage.googleapis.com/reflexivity-documents-prod/edgar/filing/10-k/mktx-FY24-10-K.html'}, {'name': 'mktx-Q125-10-Q', 'url': 'https://storage.googleapis.com/reflexivity-documents-prod/edgar/filing/10-q/mktx-Q125-10-Q.html'}]",31918430,USD,MKTX,SMART,STK,True
financials,fintech_solutions,US77311W1018,ROCKET COS INC-CLASS A,62,"Aprovecha la tecnología para optimizar e innovar los servicios financieros, particularmente en la industria hipotecaria, contribuyendo al avance de las soluciones fintech.","Rocket Companies se identifica como una empresa fintech, enfatizando su compromiso de ofrecer las mejores experiencias al cliente de la industria a través de su estrategia de propiedad de vivienda impulsada por IA. El enfoque estratégico de la empresa incluye negocios de hipotecas, bienes raíces y finanzas personales, todos integrados con tecnología para brindar experiencias digitales simples, rápidas y confiables bajo la marca Rocket. Este enfoque subraya el modelo de negocio central de la empresa, donde las soluciones fintech son fundamentales para sus operaciones y la participación del cliente.","[{'name': 'rkt-Q125-10-Q', 'url': 'https://storage.googleapis.com/reflexivity-documents-prod/edgar/filing/10-q/rkt-Q125-10-Q.html'}]",438058842,USD,RKT,SMART,STK,False
financials,fintech_solutions,US7443201022,PRUDENTIAL FINANCIAL INC,63,Participa en el desarrollo y la aplicación de soluciones Fintech dentro de la industria financiera.,,,13865082,USD,PRU,SMART,STK,True
financials,fintech_solutions,KYG290181018,DLOCAL LTD,64,"Permite soluciones fintech integrales al ofrecer una plataforma de procesamiento de pagos adaptada a transacciones globales, especialmente en economías emergentes.","El enfoque de dLocal en soluciones fintech se demuestra a través de su participación en el procesamiento de pagos, integraciones de ""Compre ahora, pague después"" y soluciones de stablecoin. Esto está respaldado aún más por la contratación de ejecutivos con experiencia en fintech, incluido su nuevo director financiero, Guillermo López Pérez, quien tiene experiencia en Visa, Tink y Featurespace, y Christopher Stromeyer, quien anteriormente trabajó en Ualá. Estas contrataciones estratégicas y el desarrollo de soluciones de pago innovadoras como SmartPix subrayan la dedicación de dLocal a la innovación fintech y su papel en la facilitación de pagos digitales.",,494184570,USD,DLO,SMART,STK,False
financials,fintech_solutions,US9598021098,WESTERN UNION CO,65,"Proporciona soluciones digitales de pago transfronterizo y servicios de transferencia de dinero a través de una red global, contribuyendo a una conectividad financiera accesible.","El compromiso de Western Union con las Soluciones Fintech es evidente en su enfoque en la modernización del movimiento de dinero a través de la tecnología. La compañía se identifica como un proveedor líder de servicios de movimiento de dinero, pagos y servicios financieros digitales transfronterizos y multidivisa. Esto está respaldado por sus esfuerzos para integrar la IA para mejorar el servicio al cliente y la eficiencia operativa, explorar stablecoins para reducir la fricción y mejorar la eficiencia del capital, y expandir las ofertas de billeteras digitales y capacidades de pago. Además, Western Union está probando activamente programas que aprovechan los rieles de liquidación en cadena para aplicaciones de tesorería de back-end y explorando oportunidades para conectar el mundo fiduciario con el mundo digital de las criptomonedas.","[{'name': 'wu-Q225-10-Q', 'url': 'https://storage.googleapis.com/reflexivity-documents-prod/edgar/filing/10-q/wu-Q225-10-Q.html'}, {'name': 'wu-Q125-10-Q', 'url': 'https://storage.googleapis.com/reflexivity-documents-prod/edgar/filing/10-q/wu-Q125-10-Q.html'}]",40773257,USD,WU,SMART,STK,True
financials,fintech_solutions,US7707001027,ROBINHOOD MARKETS INC - A,66,Se centra en proporcionar soluciones innovadoras de tecnología financiera que democratizan el acceso a los mercados financieros a través de plataformas de negociación e inversión sin comisiones.,"La misión principal de Robinhood es democratizar las finanzas, y lo logra creando plataformas de servicios financieros modernas y basadas en tecnología, accesibles para todos. Todo el modelo de negocio de la empresa gira en torno a la provisión de estos servicios tecnológicamente avanzados, que incluyen plataformas de negociación, retiros instantáneos y diversos productos financieros. Robinhood innova constantemente en sus ofertas, como herramientas para traders activos, servicios bancarios y funciones de criptomonedas, todo mientras se enfoca en la experiencia del usuario y la accesibilidad, como lo destaca su énfasis en un diseño simple e interfaces intuitivas. Este compromiso se demuestra aún más mediante importantes inversiones en tecnología y desarrollo, incluida la infraestructura en la nube y las herramientas de software, para respaldar un mayor volumen de operaciones y mejorar las capacidades de la plataforma.","[{'name': 'hood-FY24-10-K', 'url': 'https://storage.googleapis.com/reflexivity-documents-prod/edgar/filing/10-k/hood-FY24-10-K.html'}, {'name': 'hood-Q125-10-Q', 'url': 'https://storage.googleapis.com/reflexivity-documents-prod/edgar/filing/10-q/hood-Q125-10-Q.html'}, {'name': 'hood-Q225-10-Q', 'url': 'https://storage.googleapis.com/reflexivity-documents-prod/edgar/filing/10-q/hood-Q225-10-Q.html'}]",504546674,USD,HOOD,SMART,STK,True
financials,fintech_solutions,US6934751057,PNC FINANCIAL SERVICES GROUP,67,Aborda el panorama cambiante de las soluciones de tecnología financiera.,"La participación de PNC en Soluciones Fintech es evidente a través de varias iniciativas, incluido el lanzamiento planificado de una nueva plataforma de banca en línea y IA Agente Móvil para el servicio al cliente. La empresa también está explorando el potencial de la IA para transformar la prestación de servicios financieros, incluido el asesoramiento generado por computadora a través de plataformas móviles. Además, PNC está considerando permitir a los clientes usar criptomonedas, ofrecer servicios de billetera y facilitar el comercio. La empresa también está en conversaciones sobre el cobro a las fintechs por el acceso a datos bancarios de consumidores y explorando el uso de su tecnología de pago para apoyar a las empresas de criptomonedas.",,11240,USD,PNC,SMART,STK,True
financials,fintech_solutions,US63947X1019,NCINO INC,68,"Proporciona soluciones de software basadas en la nube que optimizan y automatizan procesos críticos para instituciones financieras, mejorando su transformación digital y eficiencia operativa dentro del panorama fintech.","La plataforma de nCino está diseñada para modernizar las operaciones de las instituciones financieras a través de sus ofertas de SaaS, que incluyen la incorporación de clientes, la originación de préstamos y la apertura de cuentas. La plataforma de la compañía permite a las instituciones financieras consolidar proveedores y optimizar las operaciones integrando IA y conocimientos prácticos para mejorar la toma de decisiones estratégicas, la gestión de riesgos y la satisfacción del cliente. nCino ayuda a las instituciones financieras que atienden a diversos clientes, incluidos clientes corporativos, comerciales, de pequeñas empresas, de consumo e hipotecarios, a gestionar de manera más efectiva su cartera y navegar el ciclo de vida del préstamo. Además, nCino ha aumentado las capacidades de su plataforma a través de adquisiciones, mejorando sus ofertas en préstamos hipotecarios, incorporación, apertura de cuentas, préstamos automotrices indirectos y análisis avanzados e IA.","[{'name': 'ncno-Q325-10-Q', 'url': 'https://storage.googleapis.com/reflexivity-documents-prod/edgar/filing/10-q/ncno-Q325-10-Q.html'}, {'name': 'ncno-FY25-10-K', 'url': 'https://storage.googleapis.com/reflexivity-documents-prod/edgar/filing/10-k/ncno-FY25-10-K.html'}]",537162956,USD,NCNO,SMART,STK,False
financials,fintech_solutions,US0044981019,ACI WORLDWIDE INC,69,"Ofrece una cartera integral de soluciones de software para el procesamiento de pagos en tiempo real, la banca digital y la prevención de fraudes, apoyando a instituciones financieras y comerciantes a nivel mundial en su transformación digital.","La conexión de ACI Worldwide con Soluciones Fintech es evidente a través de su papel en la potenciación de pagos digitales para más de 6.000 organizaciones a nivel mundial, procesando 14 billones de dólares diarios. La empresa ofrece soluciones de software para modernizar infraestructuras de pago y orquestar pagos inteligentes en tiempo real para bancos, comerciantes y facturadores. El compromiso de ACI se demuestra aún más a través de su solución de centro de pagos de próxima generación, Connetic, que ofrece capacidades mejoradas como la toma de decisiones automatizada y análisis impulsados por IA, y al ser reconocida como una empresa fintech líder por CNBC y Time.","[{'name': 'aciw-Q324-10-Q', 'url': 'https://storage.googleapis.com/reflexivity-documents-prod/edgar/filing/10-q/aciw-Q324-10-Q.html'}, {'name': 'aciw-FY24-10-K', 'url': 'https://storage.googleapis.com/reflexivity-documents-prod/edgar/filing/10-k/aciw-FY24-10-K.html'}, {'name': 'aciw-Q225-10-Q', 'url': 'https://storage.googleapis.com/reflexivity-documents-prod/edgar/filing/10-q/aciw-Q225-10-Q.html'}]",45427720,USD,ACIW,SMART,STK,True
financials,fintech_solutions,US45841N1072,INTERACTIVE BROKERS GRO-CL A,70,"Proporciona plataformas avanzadas de negociación electrónica y servicios de corretaje global, aprovechando la tecnología para ofrecer soluciones financieras eficientes y rentables.","Interactive Brokers demuestra un fuerte enfoque en Soluciones Fintech a través de su desarrollo y uso de tecnología propia para automatizar las funciones de corredor-agente. La plataforma de la empresa permite a los clientes monitorear múltiples mercados globales y ejecutar operaciones electrónicamente en varios productos y monedas desde una sola cuenta, aprovechando su software de enrutamiento de órdenes para asegurar precios de ejecución óptimos. Este compromiso se evidencia aún más por la integración de su software con numerosos lugares de negociación, fuentes de datos de mercado e instalaciones de informes regulatorios, creando una plataforma automatizada y computarizada que requiere una intervención humana mínima. Interactive Brokers continúa introduciendo nuevos productos, como ForecastTrader, lo que destaca su inversión continua y dedicación al avance de sus capacidades fintech.","[{'name': 'ibkr-Q225-10-Q', 'url': 'https://storage.googleapis.com/reflexivity-documents-prod/edgar/filing/10-q/ibkr-Q225-10-Q.html'}]",43645865,USD,IBKR,SMART,STK,True
financials,fintech_solutions,US70439P1084,PAYMENTUS HOLDINGS INC-A,71,"Desarrolla y proporciona plataformas tecnológicas para pagos y presentación de facturas electrónicas, sirviendo como un componente clave dentro del panorama de Soluciones Fintech.","El enfoque de Paymentus en Soluciones Fintech es evidente a través de su plataforma tecnológica diferenciada y escalada, que es central para sus operaciones. La plataforma y el ecosistema de la empresa están diseñados para reducir costos y mejorar la experiencia del cliente, destacando su importancia estratégica en la recaudación de ingresos. Esto está respaldado además por un crecimiento sustancial de los ingresos y un aumento de los volúmenes de transacciones, lo que refleja el negocio principal de la empresa como proveedor de soluciones fintech. El énfasis de Paymentus en su plataforma tecnológica, que optimiza la prestación de servicios financieros, subraya su fuerte alineación con el tema de Soluciones Fintech.",,493119080,USD,PAY,SMART,STK,False
financials,fintech_solutions,US81762P1021,SERVICENOW INC,72,Proporciona una plataforma para flujos de trabajo digitales y eficiencia operativa que apoya diversos aspectos de las soluciones de tecnología financiera.,,,109911821,USD,NOW,SMART,STK,True
financials,fintech_solutions,US7043261079,PAYCHEX INC,73,"Desarrolla y ofrece soluciones impulsadas por la tecnología para la administración de nóminas, recursos humanos y beneficios, apoyando a las empresas con procesos financieros integrados.","El compromiso de Paychex con las Soluciones Fintech es evidente a través de la prestación de servicios impulsados por la tecnología en la gestión del capital humano, que incluyen RR. HH., beneficios para empleados, seguros y procesamiento de nóminas. La empresa utiliza plataformas SaaS como Paychex Flex y SurePayroll para apoyar a sus clientes de pequeñas empresas. Esto se demuestra además con el lanzamiento de Bill Pay, una solución de gestión financiera diseñada para simplificar los pagos para las PYMES mediante la integración de nóminas, RR. HH. y cuentas por pagar, con planes para expandir sus capacidades.","[{'name': 'payx-Q225-10-Q', 'url': 'https://storage.googleapis.com/reflexivity-documents-prod/edgar/filing/10-q/payx-Q225-10-Q.html'}, {'name': 'payx-Q325-10-Q', 'url': 'https://storage.googleapis.com/reflexivity-documents-prod/edgar/filing/10-q/payx-Q325-10-Q.html'}, {'name': 'payx-Q125-10-Q', 'url': 'https://storage.googleapis.com/reflexivity-documents-prod/edgar/filing/10-q/payx-Q125-10-Q.html'}]",272942,USD,PAYX,SMART,STK,True
financials,fintech_solutions,US70451X1046,PAYONEER GLOBAL INC,74,"Proporciona una plataforma integral para pagos transfronterizos y servicios financieros digitales, lo que permite a empresas y profesionales enviar y recibir pagos a nivel mundial.","El fuerte alineamiento de Payoneer con Soluciones Fintech es evidente ya que la empresa se identifica explícitamente como una empresa de tecnología financiera, dedicada a permitir que las PYMES operen a nivel mundial conectándolas con la economía digital. Payoneer se enfoca en construir una pila financiera global para las PYMES, con la estrategia declarada de convertirse en el principal proveedor de servicios de pagos y financieros para las PYMES transfronterizas, como lo destacó el CEO. Esto se logra a través de un conjunto de servicios que incluyen capacidades de cuentas por cobrar y pagar transfronterizas, soluciones de capital de trabajo y conocimientos basados en datos, junto con una innovación continua en áreas como capacidades de FX e integraciones de ERP, lo que demuestra un compromiso con productos y servicios impulsados por la tecnología.","[{'name': 'payo-Q125-10-Q', 'url': 'https://storage.googleapis.com/reflexivity-documents-prod/edgar/filing/10-q/payo-Q125-10-Q.html'}, {'name': 'payo-Q324-10-Q', 'url': 'https://storage.googleapis.com/reflexivity-documents-prod/edgar/filing/10-q/payo-Q324-10-Q.html'}, {'name': 'payo-Q225-10-Q', 'url': 'https://storage.googleapis.com/reflexivity-documents-prod/edgar/filing/10-q/payo-Q225-10-Q.html'}, {'name': 'payo-FY24-10-K', 'url': 'https://storage.googleapis.com/reflexivity-documents-prod/edgar/filing/10-k/payo-FY24-10-K.html'}]",499621117,USD,PAYO,SMART,STK,True
financials,fintech_solutions,US53803X1054,LIVE OAK BANCSHARES INC,75,Aprovecha Soluciones Fintech en su marco operativo.,"Live Oak Bancshares demuestra su enfoque en Soluciones Fintech a través de Live Oak Ventures, que invierte estratégicamente en negocios alineados con el objetivo de la empresa de liderar en tecnología financiera. Este compromiso se ve aún más resaltado por su anterior empresa con Canapi Advisors, una subsidiaria que brindó servicios de asesoramiento de inversiones a fondos de capital de riesgo especializados en empresas emergentes de fintech. Además, Live Oak está desarrollando activamente una nueva plataforma tecnológica, que incorpora IA de próxima generación, para optimizar y automatizar los procesos de préstamos de la SBA, lo que refleja su dedicación a integrar tecnología avanzada en sus operaciones principales.","[{'name': 'lob-Q125-10-Q', 'url': 'https://storage.googleapis.com/reflexivity-documents-prod/edgar/filing/10-q/lob-Q125-10-Q.html'}, {'name': 'lob-Q225-10-Q', 'url': 'https://storage.googleapis.com/reflexivity-documents-prod/edgar/filing/10-q/lob-Q225-10-Q.html'}, {'name': 'lob-FY24-10-K', 'url': 'https://storage.googleapis.com/reflexivity-documents-prod/edgar/filing/10-k/lob-FY24-10-K.html'}]",201113890,USD,LOB,SMART,STK,False
