symbol,industry,theme,isin_code,name,rank,description,evidence,ib_conid,currency,exchange,assetType,navigable,evidenceSources,theme_id
ROG,health,personalized_medicine,CH0012032048,ROCHE HOLDING AG-GENUSSCHEIN,1,"Avanza en la medicina personalizada mediante el desarrollo de terapias dirigidas y herramientas de diagnóstico que consideran las características individuales del paciente, optimizando la eficacia del tratamiento y los resultados del paciente.",,228954,CHF,SMART,STK,False,,PER
ILMN,health,personalized_medicine,US4523271090,ILLUMINA INC,2,"Proporciona tecnologías de secuenciación genómica y de matrices de vanguardia que son fundamentales para avanzar en la medicina personalizada, permitiendo un diagnóstico preciso de enfermedades, terapias dirigidas y estrategias de tratamiento individualizadas.","La participación de Illumina en la Medicina Personalizada es evidente en su enfoque en el avance de la investigación de enfermedades, el desarrollo de fármacos y la creación de pruebas de diagnóstico molecular. Las herramientas de la empresa potencian el análisis genético y facilitan una comprensión más profunda de la variación genética, lo que cree que desencadenará un cambio fundamental en la atención médica hacia la medicina molecular preventiva y predictiva. El apoyo de Illumina a los avances clínicos en medicina de precisión se demuestra aún más a través de su rápida innovación, que está cambiando la economía de la investigación genética y permitiendo proyectos que antes eran imposibles.",9869443,USD,SMART,STK,True,"[{'name': 'ilmn-FY24-10-K', 'url': 'https://storage.googleapis.com/reflexivity-documents-prod/edgar/filing/10-k/ilmn-FY24-10-K.html'}]",PER
TMO,health,personalized_medicine,US8835561023,THERMO FISHER SCIENTIFIC INC,3,"Apoya el avance de la medicina personalizada a través de la provisión de herramientas de diagnóstico, tecnologías de secuenciación genética y soluciones de investigación que permiten diagnósticos de precisión y terapias dirigidas.","Thermo Fisher está significativamente involucrada en la medicina personalizada a través del desarrollo e introducción de instrumentos analíticos avanzados y kits de proteómica. Los espectrómetros de masas Thermo Scientific Orbitrap de próxima generación de la empresa están diseñados para permitir a los investigadores avanzar aún más en la medicina de precisión e impulsar información significativa para el desarrollo de nuevas terapias para enfermedades complejas. Además, Thermo Fisher introdujo los kits de proteómica Olink Reveal, que facilitan la identificación de proteínas relacionadas con la inflamación y la respuesta inmune, contribuyendo directamente a los avances en la medicina de precisión.",12869,USD,SMART,STK,True,,PER
NOVN,health,personalized_medicine,CH0012005267,NOVARTIS AG-REG,4,"Desarrolla y comercializa terapias adaptadas a perfiles de pacientes individuales, aprovechando diagnósticos y biomarcadores avanzados para ofrecer tratamientos dirigidos en diversas áreas de enfermedades.",,1615110,CHF,SMART,STK,False,,PER
GH,health,personalized_medicine,US40131M1099,GUARDANT HEALTH INC,5,"Se enfoca en avanzar en la oncología de precisión a través de tecnologías de biopsia líquida que permiten la atención personalizada del cáncer, desde la detección temprana hasta el monitoreo del tratamiento.","Guardant Health está profundamente involucrada en la medicina personalizada, centrándose en proporcionar información sobre los impulsores de enfermedades a través de pruebas avanzadas de sangre y tejido, y datos del mundo real para mejorar los resultados de los pacientes en todas las etapas de la atención del cáncer. Esto se logra a través de pruebas como Guardant360 CDx, que informa las decisiones de tratamiento basadas en perfiles tumorales individuales, y la plataforma GuardantINFORM, utilizada para desarrollar medicamentos dirigidos a biomarcadores específicos. La compañía también está impulsando el desarrollo de aplicaciones clínicas, incluidas nuevas aplicaciones que proporcionan una visión de mayor resolución de la biología tumoral, lo que permite a los proveedores de atención médica tomar decisiones de tratamiento más inteligentes y personalizadas, incluso cuando no hay tejido disponible para el análisis, y desarrollando perfiles farmacogenómicos para identificar variaciones genéticas que impactan la seguridad y eficacia de las terapias contra el cáncer.",335906876,USD,SMART,STK,False,"[{'name': 'gh-Q225-10-Q', 'url': 'https://storage.googleapis.com/reflexivity-documents-prod/edgar/filing/10-q/gh-Q225-10-Q.html'}]",PER
DHR,health,personalized_medicine,US2358511028,DANAHER CORP,6,"Proporciona herramientas, consumibles y diagnósticos críticos que permiten la investigación, el desarrollo y la aplicación de la medicina personalizada, incluida la secuenciación genética y la identificación de biomarcadores.","El compromiso de Danaher con la medicina personalizada es evidente a través de sus asociaciones estratégicas y el desarrollo de herramientas y terapias de diagnóstico avanzadas. La compañía está colaborando con AstraZeneca para crear herramientas de diagnóstico que ayuden a los médicos a identificar a los pacientes que más se beneficiarían de los tratamientos de medicina de precisión. Además, IDT y Aldevron, ambas bajo el paraguas de Danaher, contribuyen al avance de la medicina personalizada al ayudar a desarrollar la primera terapia CRISPR in vivo personalizada basada en ARNm bajo demanda, lo que marca un hito importante para las terapias basadas en CRISPR in vivo.",6442,USD,SMART,STK,True,,PER
TEM,health,personalized_medicine,US88023B1035,TEMPUS AI INC,7,"Se enfoca en aprovechar la inteligencia artificial y el análisis de datos a gran escala para proporcionar información para tratamientos médicos personalizados y atención al paciente, impulsando así la medicina personalizada.","Tempus AI se dedica a personalizar la medicina a través de la integración de la experiencia en salud y la tecnología, esforzándose por crear diagnósticos inteligentes que aprovechen la IA y los datos específicos del paciente para mejorar la precisión y la personalización de las pruebas de laboratorio. Su enfoque implica la construcción de modelos fundacionales para comprender las respuestas de los pacientes a los tratamientos contra el cáncer a nivel molecular, con el objetivo de diseñar diagnósticos personalizados y garantizar vías terapéuticas óptimas. Al combinar la experiencia en salud con capacidades tecnológicas, Tempus tiene como objetivo desbloquear el verdadero poder de la medicina de precisión y generar información más temprano en el proceso de diagnóstico.",709237125,USD,SMART,STK,False,"[{'name': 'tem-FY24-10-K', 'url': 'https://storage.googleapis.com/reflexivity-documents-prod/edgar/filing/10-k/tem-FY24-10-K.html'}, {'name': 'tem-Q225-10-Q', 'url': 'https://storage.googleapis.com/reflexivity-documents-prod/edgar/filing/10-q/tem-Q225-10-Q.html'}, {'name': 'tem-Q125-10-Q', 'url': 'https://storage.googleapis.com/reflexivity-documents-prod/edgar/filing/10-q/tem-Q125-10-Q.html'}]",PER
VRTX,health,personalized_medicine,US92532F1003,VERTEX PHARMACEUTICALS INC,8,"Desarrolla terapias dirigidas centrándose en las causas subyacentes de las enfermedades, utilizando información genética y molecular para proporcionar tratamientos personalizados para poblaciones específicas de pacientes.",,275850,USD,SMART,STK,True,,PER
GILD,health,personalized_medicine,US3755581036,GILEAD SCIENCES INC,9,"Se dedica a la investigación, desarrollo y comercialización de terapias dirigidas que abordan poblaciones de pacientes y características de enfermedades específicas, contribuyendo a los avances en tratamientos médicos personalizados.",,269753,USD,SMART,STK,True,,PER
EXAS,health,personalized_medicine,US30063P1057,EXACT SCIENCES CORP,10,"Desarrolla pruebas de diagnóstico que proporcionan información individualizada sobre enfermedades, permitiendo tratamientos médicos personalizados y estrategias preventivas basadas en las características únicas de un paciente.","Exact Sciences está significativamente involucrada en la medicina personalizada a través de su cartera de oncología de precisión, que ofrece información genómica procesable para informar el pronóstico y el tratamiento del cáncer. La empresa facilita la medicina personalizada aplicando evidencia del mundo real y recomendaciones de directrices, lo que permite a los pacientes desempeñar un papel más activo en su atención contra el cáncer. Para avanzar en este enfoque, Exact Sciences lanzó Oncodetect, una prueba de enfermedad molecular residual, para guiar el viaje de un paciente con cáncer e integrarla en su cartera de Oncología de Precisión liderada por Oncotype DX.",11468575,USD,SMART,STK,False,"[{'name': 'exas-Q225-10-Q', 'url': 'https://storage.googleapis.com/reflexivity-documents-prod/edgar/filing/10-q/exas-Q225-10-Q.html'}]",PER
AMGN,health,personalized_medicine,US0311621009,AMGEN INC,11,"Se dedica al desarrollo de enfoques terapéuticos y diagnósticos dirigidos que adaptan las intervenciones médicas a los perfiles individuales de los pacientes, mejorando la eficacia del tratamiento y la atención al paciente.",,266145,USD,SMART,STK,True,,PER
MRNA,health,personalized_medicine,US60770K1079,MODERNA INC,12,"Desarrolla terapias y vacunas basadas en ARN mensajero (ARNm), contribuyendo al avance de la medicina personalizada al permitir tratamientos personalizados para diversas enfermedades.",,344809106,USD,SMART,STK,True,,PER
GRAL,health,personalized_medicine,US3847471014,GRAIL INC,13,Impulsa avances en la medicina personalizada a través del desarrollo y la entrega de soluciones sanitarias personalizadas.,"El enfoque de GRAIL en la medicina personalizada es evidente a través de su uso estratégico de la tecnología de metilación para la detección y predicción del cáncer. La prueba Galleri de la compañía emplea un enfoque de metilación dirigido para detectar señales de cáncer y predecir su origen, al tiempo que analiza la combinación de casos de cáncer para la presentación de informes de rendimiento. GRAIL invierte en asociaciones biofarmacéuticas, aprovechando su tecnología de metilación patentada en aplicaciones de oncología de precisión. Además, los datos presentados en la Reunión Anual de la ASCO 2025 destacaron el estudio Circulating Cell-free Genome Atlas, que demostró la detección preferencial de cánceres agresivos y clínicamente significativos por parte de Galleri a través de un enfoque de metilación basado en ADN circulante libre de células.",708088152,USD,SMART,STK,False,"[{'name': 'gral-Q225-10-Q', 'url': 'https://storage.googleapis.com/reflexivity-documents-prod/edgar/filing/10-q/gral-Q225-10-Q.html'}]",PER
LH,health,personalized_medicine,US5049221055,LABCORP HOLDINGS INC,14,Contribuye a la medicina personalizada al proporcionar pruebas de diagnóstico avanzadas y servicios de análisis genético que informan decisiones de tratamiento y atención al paciente personalizadas.,,703660032,USD,SMART,STK,True,,PER
REGN,health,personalized_medicine,US75886F1075,REGENERON PHARMACEUTICALS,15,"Se enfoca en el desarrollo de terapias dirigidas y herramientas de diagnóstico que buscan personalizar los enfoques de tratamiento para diversas enfermedades, aprovechando los conocimientos genéticos y la identificación de biomarcadores.",,273733,USD,SMART,STK,True,,PER
ALNY,health,personalized_medicine,US02043Q1076,ALNYLAM PHARMACEUTICALS INC,16,Es un actor clave en el desarrollo y avance de la Medicina Personalizada.,,29442968,USD,SMART,STK,False,,PER
TXG,health,personalized_medicine,US88025U1097,10X GENOMICS INC-CLASS A,17,"Proporciona tecnologías avanzadas de genómica espacial y de célula única que permiten obtener información profunda sobre la biología de las enfermedades, crucial para el desarrollo de diagnósticos personalizados y terapias dirigidas.","La compañía demuestra su participación en la medicina personalizada a través de la aplicación de sus plataformas Xenium y Visium en la investigación oncológica. Estas plataformas se utilizan en estudios para analizar muestras de cáncer, identificar firmas de biomarcadores espaciales predictivas de la respuesta al tratamiento y construir puntuaciones predictivas espaciales del microambiente inmune tumoral. Esta investigación tiene como objetivo mejorar las estrategias de estratificación de pacientes, la selección de terapias y la gestión personalizada de enfermedades para diversos tipos de cáncer, como lo demuestran estudios que analizan la recurrencia del cáncer de hígado y el cáncer de mama HER2-positivo.",382846993,USD,SMART,STK,False,,PER
NEO,health,personalized_medicine,US64049M2098,NEOGENOMICS INC,18,"Aprovecha las pruebas genómicas avanzadas y las soluciones de diagnóstico para guiar las estrategias de tratamiento individualizadas, particularmente en oncología, avanzando así en la medicina personalizada.","NeoGenomics está comprometida con la medicina personalizada a través del desarrollo de productos de próxima generación guiados con precisión, particularmente en la enfermedad residual mínima (ERM) y la selección de terapias utilizando secuenciación de próxima generación (NGS). Este enfoque permite decisiones de tratamiento más precisas y una detección más temprana de la recurrencia, transformando potencialmente la atención del cáncer y mejorando los resultados de los pacientes. Los esfuerzos de I+D y desarrollo de negocios de la compañía se orientan hacia estos nuevos productos, alineándose con el objetivo de la medicina personalizada de adaptar las decisiones de tratamiento.",30214424,USD,SMART,STK,True,,PER
BIIB,health,personalized_medicine,US09062X1037,BIOGEN INC,19,"Desarrolla y comercializa terapias dirigidas que se adaptan cada vez más a las características individuales de los pacientes, aprovechando los avances en diagnósticos y conocimientos genéticos para mejorar los resultados del tratamiento.",,26734397,USD,SMART,STK,True,,PER
QIA,health,personalized_medicine,NL0015002CX3,QIAGEN N.V.,20,"Se enfoca en el desarrollo de soluciones que permiten diagnósticos precisos y terapias dirigidas, apoyando el avance de la atención individualizada al paciente a través de información molecular.",,755308094,EUR,SMART,STK,False,,PER
NTRA,health,personalized_medicine,US6323071042,NATERA INC,21,Contribuye al campo de la Medicina Personalizada desarrollando soluciones para la atención individualizada del paciente.,,198950253,USD,SMART,STK,False,,PER
ADPT,health,personalized_medicine,US00650F1093,ADAPTIVE BIOTECHNOLOGIES,22,Contribuye al avance de la medicina personalizada a través del desarrollo de tecnologías que permiten diagnósticos de precisión y enfoques terapéuticos adaptados individualmente.,,372849716,USD,SMART,STK,False,,PER
KRYS,health,personalized_medicine,US5011471027,KRYSTAL BIOTECH INC,23,Se centra en los avances dentro del tema de la Medicina Personalizada.,"La empresa demuestra su enfoque en la medicina personalizada a través del desarrollo de terapias génicas diseñadas para abordar las causas genéticas subyacentes de enfermedades específicas. Su producto principal, VYJUVEK, administra el gen COL7A1 para tratar la epidermólisis bullosa distrófica (EBD) al proporcionar a las células de la piel del paciente la plantilla para producir colágeno tipo VII normal y, por lo tanto, abordar el mecanismo fundamental que causa la enfermedad. La empresa también está avanzando en otras terapias como KB407 para la fibrosis quística y KB408 para la deficiencia de alfa-1 antitripsina, todas diseñadas para administrar transgenes específicos para tratar los defectos genéticos subyacentes.",290007409,USD,SMART,STK,True,"[{'name': 'krys-Q225-10-Q', 'url': 'https://storage.googleapis.com/reflexivity-documents-prod/edgar/filing/10-q/krys-Q225-10-Q.html'}]",PER
SRPT,health,personalized_medicine,US8036071004,SAREPTA THERAPEUTICS INC,24,"Se enfoca en el desarrollo de terapias genéticas de precisión para enfermedades raras, alineándose con los principios de la medicina personalizada para abordar las necesidades específicas de los pacientes.","Sarepta demuestra su compromiso con la medicina personalizada a través del desarrollo de medicina genética de precisión, destinada a tratar enfermedades raras. Esto se evidencia en sus programas de desarrollo en etapas preclínicas y clínicas, que reflejan su enfoque multifacético y su experiencia. Las terapias de Sarepta se dirigen a mutaciones genéticas específicas, lo que se alinea con un enfoque de medicina personalizada.",110434131,USD,SMART,STK,True,"[{'name': 'srpt-FY24-10-K', 'url': 'https://storage.googleapis.com/reflexivity-documents-prod/edgar/filing/10-k/srpt-FY24-10-K.html'}]",PER
RARE,health,personalized_medicine,US90400D1081,ULTRAGENYX PHARMACEUTICAL IN,25,"Se enfoca en el desarrollo y la comercialización de terapias para enfermedades genéticas raras, alineándose con la medicina personalizada al dirigirse a poblaciones de pacientes específicas y sus necesidades biológicas únicas.","El enfoque de Ultragenyx en la medicina personalizada es evidente en el desarrollo de GTX-102, un oligonucleótido antisentido (ASO) para el síndrome de Angelman, con tratamientos adaptados a mutaciones genéticas específicas, como la deleción completa del gen UBE3A materno. Este enfoque está respaldado además por estudios, incluido el estudio Aurora, que tiene como objetivo comprender el impacto de la terapia en pacientes con diferentes genotipos. La dedicación de la empresa a la medicina personalizada también se demuestra por la designación BTD obtenida para GTX-102 basada en datos de estudios de Fase I/II, lo que indica un potencial de mejora sustancial sobre las terapias existentes.",143541504,USD,SMART,STK,False,,PER
BBIO,health,personalized_medicine,US10806X1028,BRIDGEBIO PHARMA INC,26,"Se centra en el desarrollo de terapias adaptadas a los perfiles individuales de los pacientes, particularmente en enfermedades genéticas, para optimizar los resultados del tratamiento.","El enfoque de BridgeBio en descubrir, crear, probar y ofrecer medicamentos transformadores se centra en tratar a pacientes que sufren enfermedades genéticas. Este compromiso implica aplicar avances en medicina genética con el objetivo de ayudar a los pacientes lo más rápido posible. La cartera de la empresa incluye programas que van desde la ciencia temprana hasta ensayos clínicos avanzados, lo que refleja su dedicación a abordar necesidades no cubiertas en enfermedades genéticas.",372849723,USD,SMART,STK,False,"[{'name': 'bbio-Q225-10-Q', 'url': 'https://storage.googleapis.com/reflexivity-documents-prod/edgar/filing/10-q/bbio-Q225-10-Q.html'}, {'name': 'bbio-Q125-10-Q', 'url': 'https://storage.googleapis.com/reflexivity-documents-prod/edgar/filing/10-q/bbio-Q125-10-Q.html'}]",PER
4502,health,personalized_medicine,JP3463000004,TAKEDA PHARMACEUTICAL CO LTD,27,Mantiene un enfoque en el tema de Medicina Personalizada.,,13905462,JPY,SMART,STK,False,,PER
GEHC,health,personalized_medicine,US36266G1076,GE HEALTHCARE TECHNOLOGY,28,"Contribuye a la medicina personalizada a través de sus soluciones avanzadas de diagnóstico por imagen, monitorización de pacientes y salud digital, permitiendo estrategias de tratamiento personalizadas.","GE HealthCare está activamente involucrada en la medicina personalizada, como lo demuestra el lanzamiento de Nuevas Introducciones de Productos (NPIs) clave que permiten la atención personalizada y la cardiología a lo largo del recorrido del paciente. La estrategia de atención de precisión de la empresa es un enfoque clave, destacando la imagenología PET como un componente central de la medicina nuclear y una piedra angular de este enfoque. GE HealthCare está integrando herramientas para la evaluación de amiloides y el seguimiento de terapias en sus dispositivos, demostrando aún más su compromiso con la atención de precisión. Además, el enfoque de medicina nuclear de la empresa, que combina dispositivos inteligentes y una cartera de medicamentos habilitados por tecnología digital e IA, ejemplifica su enfoque en la medicina personalizada.",601776309,USD,SMART,STK,True,,PER
4503,health,personalized_medicine,JP3942400007,ASTELLAS PHARMA INC.,29,Se enfoca en el desarrollo de terapias y diagnósticos dirigidos para ofrecer tratamientos adaptados a las características individuales del paciente y a los perfiles de la enfermedad.,,13905465,JPY,SMART,STK,False,,PER
PTCT,health,personalized_medicine,US69366J2006,PTC THERAPEUTICS INC,30,"Se enfoca en el desarrollo de terapias adaptadas a las características genéticas y moleculares específicas de los pacientes, alineándose con los principios de la medicina personalizada.","PTC Therapeutics demuestra un compromiso con la Medicina Personalizada a través de su enfoque en el desarrollo de tratamientos para trastornos genéticos raros. La cartera de productos de la empresa incluye terapias génicas como Upstaza/Kebilidi para la deficiencia de AADC y Sephience para la fenilcetonuria (PKU), ambas dirigidas a mutaciones genéticas específicas. Este enfoque se ve aún más enfatizado por su cartera de medicamentos clínicamente diferenciados destinados a abordar necesidades no cubiertas en trastornos raros, lo que refleja la importancia estratégica de la empresa para proporcionar acceso a tratamientos personalizados.",129374415,USD,SMART,STK,False,"[{'name': 'ptct-Q225-10-Q', 'url': 'https://storage.googleapis.com/reflexivity-documents-prod/edgar/filing/10-q/ptct-Q225-10-Q.html'}]",PER
BAYN,health,personalized_medicine,DE000BAY0017,BAYER AG-REG,31,"Contribuye al campo de la Medicina Personalizada, abarcando los esfuerzos para adaptar los tratamientos médicos a las necesidades individuales de los pacientes.",,68598660,EUR,SMART,STK,False,,PER
IDYA,health,personalized_medicine,US45166A1025,IDEAYA BIOSCIENCES INC,32,"Desarrolla terapias oncológicas dirigidas, aprovechando los conocimientos moleculares para abordar poblaciones de pacientes y características tumorales específicas dentro del marco de la medicina personalizada.","IDEAYA Biosciences opera como una empresa de oncología de medicina de precisión, enfatizando el descubrimiento y desarrollo de terapias dirigidas para poblaciones de pacientes seleccionadas mediante diagnósticos moleculares. Este enfoque integra el descubrimiento de fármacos de moléculas pequeñas con capacidades para identificar y validar biomarcadores traslacionales, alineando las terapias con los impulsores genéticos de la enfermedad. El compromiso de la empresa se extiende al desarrollo de terapias dirigidas personalizadas, potencialmente las primeras de su clase, y diagnósticos complementarios, lo que refleja un enfoque en estrategias de tratamiento personalizadas dentro de la oncología.",367728022,USD,SMART,STK,False,"[{'name': 'idya-Q125-10-Q', 'url': 'https://storage.googleapis.com/reflexivity-documents-prod/edgar/filing/10-q/idya-Q125-10-Q.html'}, {'name': 'idya-Q225-10-Q', 'url': 'https://storage.googleapis.com/reflexivity-documents-prod/edgar/filing/10-q/idya-Q225-10-Q.html'}, {'name': 'idya-FY24-10-K', 'url': 'https://storage.googleapis.com/reflexivity-documents-prod/edgar/filing/10-k/idya-FY24-10-K.html'}]",PER
LNTH,health,personalized_medicine,US5165441032,LANTHEUS HOLDINGS INC,33,"Proporciona agentes de diagnóstico por imagen y radiofármacos cruciales para la medicina personalizada, permitiendo la detección y caracterización precisa de enfermedades para guiar decisiones de tratamiento personalizadas.",,198250080,USD,SMART,STK,True,,PER
RLAY,health,personalized_medicine,US75943R1023,RELAY THERAPEUTICS INC,34,"Se enfoca en el desarrollo de terapias dirigidas que abordan proteínas específicas que impulsan enfermedades, alineándose con los principios de la medicina de precisión para ofrecer tratamientos más efectivos.","Relay Therapeutics se identifica como una empresa de medicina de precisión en etapa clínica enfocada en transformar el proceso de descubrimiento de fármacos para llevar terapias que cambian la vida a los pacientes. La empresa implementa su plataforma tecnológica para construir una cartera de candidatos a productos, abordando dianas en medicina de precisión donde existe evidencia clara que vincula las proteínas diana con la enfermedad. Su enfoque implica la combinación de tecnologías computacionales y experimentales, con un enfoque en la mejora del descubrimiento de terapias de moléculas pequeñas en oncología dirigida e indicaciones de enfermedades genéticas, utilizando diagnósticos moleculares para identificar pacientes relevantes para el tratamiento.",434693577,USD,SMART,STK,False,"[{'name': 'rlay-FY24-10-K', 'url': 'https://storage.googleapis.com/reflexivity-documents-prod/edgar/filing/10-k/rlay-FY24-10-K.html'}, {'name': 'rlay-Q125-10-Q', 'url': 'https://storage.googleapis.com/reflexivity-documents-prod/edgar/filing/10-q/rlay-Q125-10-Q.html'}, {'name': 'rlay-Q225-10-Q', 'url': 'https://storage.googleapis.com/reflexivity-documents-prod/edgar/filing/10-q/rlay-Q225-10-Q.html'}]",PER
RVMD,health,personalized_medicine,US76155X1000,REVOLUTION MEDICINES INC,35,Se enfoca en desarrollar terapias adaptadas a las características individuales de los pacientes dentro del campo de la medicina personalizada.,"Revolution Medicines enfatiza la medicina personalizada a través de su implementación de enfoques de medicina de precisión, que guían el desarrollo de regímenes innovadores de monoterapia y combinación. La estrategia de la compañía se basa en la comprensión de los impulsores genéticos y los mecanismos de resistencia adaptativa en el cáncer, con un enfoque en el desarrollo de nuevas terapias dirigidas para cánceres dependientes de RAS. Como compañía de oncología de precisión en etapa clínica, Revolution Medicines utiliza explícitamente enfoques de medicina de precisión para adaptar los tratamientos según los perfiles genéticos individuales.",403666731,USD,SMART,STK,False,"[{'name': 'rvmd-FY24-10-K', 'url': 'https://storage.googleapis.com/reflexivity-documents-prod/edgar/filing/10-k/rvmd-FY24-10-K.html'}]",PER
MAZE,health,personalized_medicine,US5787841007,MAZE THERAPEUTICS INC,36,Contribuye al campo de la Medicina Personalizada centrándose en el desarrollo de intervenciones médicas personalizadas basadas en las características individuales de los pacientes.,"Maze Therapeutics se enfoca en la medicina personalizada a través del desarrollo de medicamentos de precisión de moléculas pequeñas, aprovechando la genética humana y la funcionalización de variantes a través de su plataforma Maze Compass. Esta plataforma se utiliza para identificar y caracterizar variantes genéticas en enfermedades, vinculándolas a vías biológicas que impulsan la enfermedad en grupos específicos de pacientes, con un enfoque en enfermedades renales, cardiovasculares y metabólicas, incluida la obesidad. La compañía enfatiza su enfoque de identificar y caracterizar variantes genéticas en enfermedades y vincularlas a vías biológicas para impulsar la enfermedad en grupos específicos de pacientes.",758555158,USD,SMART,STK,False,"[{'name': 'maze-Q125-10-Q', 'url': 'https://storage.googleapis.com/reflexivity-documents-prod/edgar/filing/10-q/maze-Q125-10-Q.html'}, {'name': 'maze-Q225-10-Q', 'url': 'https://storage.googleapis.com/reflexivity-documents-prod/edgar/filing/10-q/maze-Q225-10-Q.html'}]",PER
PGEN,health,personalized_medicine,US74017N1054,PRECIGEN INC,37,Participa en el desarrollo y la aplicación de enfoques dentro de la Medicina Personalizada.,"El enfoque de PGEN en la medicina personalizada es evidente en su énfasis estratégico en la medicina de precisión, que definen como el desarrollo de productos terapéuticos que consideran variaciones genéticas específicas para diseñar terapias dirigidas. La empresa cree que sus plataformas tecnológicas la posicionan de manera única para avanzar en la medicina de precisión mediante la construcción de programas genéticos, el control de la expresión génica y la modificación de moléculas biológicas para tratar afecciones patológicas subyacentes. Sus plataformas apoyan los esfuerzos para construir y administrar programas genéticos, y controlar la expresión génica, todo lo cual está alineado con la promesa central de la medicina de precisión.",402333233,USD,SMART,STK,False,"[{'name': 'pgen-Q125-10-Q', 'url': 'https://storage.googleapis.com/reflexivity-documents-prod/edgar/filing/10-q/pgen-Q125-10-Q.html'}, {'name': 'pgen-FY24-10-K', 'url': 'https://storage.googleapis.com/reflexivity-documents-prod/edgar/filing/10-k/pgen-FY24-10-K.html'}]",PER
APLS,health,personalized_medicine,US03753U1060,APELLIS PHARMACEUTICALS INC,38,"Desarrolla terapias dirigidas que se alinean con los principios de la medicina personalizada, centrándose en las características individuales del paciente para obtener resultados de tratamiento más efectivos.","El compromiso de Apellis con la medicina personalizada es evidente en su enfoque estratégico en medicamentos dirigidos a C3, en particular EMPAVELI, diseñado para enfermedades con altas necesidades insatisfechas. Esto se destaca por la aprobación de EMPAVELI por parte de la FDA para tratar a pacientes con mielopatía C3 o glomerulonefritis membranoproliferativa por complejos inmunes primarios y su posición única como el primer tratamiento aprobado para pacientes pediátricos con C3G. La estrategia de la compañía incluye expandir el desarrollo de EMPAVELI a otras enfermedades renales raras como la disfunción tardía del injerto (DGF) y la glomeruloesclerosis focal y segmentaria primaria (FSGS), lo que demuestra un compromiso para abordar mecanismos de enfermedad y poblaciones de pacientes específicos.",295518928,USD,SMART,STK,False,,PER
VCYT,health,personalized_medicine,US92337F1075,VERACYTE INC,39,Desarrolla y comercializa pruebas genómicas que contribuyen a la atención personalizada del paciente en diversas enfermedades.,,137537411,USD,SMART,STK,True,,PER
RNA,health,personalized_medicine,US05370A1088,AVIDITY BIOSCIENCES INC,40,"Desarrolla y avanza enfoques terapéuticos adaptados a las necesidades individuales de los pacientes, alineándose con los principios de la medicina personalizada.","La empresa demuestra su compromiso con la medicina personalizada a través del desarrollo de Conjugados de Oligonucleótidos y Anticuerpos (AOCs), diseñados para combinar la especificidad de los anticuerpos monoclonales con la precisión de las terapias de ARN para atacar la causa raíz de enfermedades previamente intratables. Este enfoque se ejemplifica aún más en su trabajo en cardiología de precisión, avanzando en candidatos terapéuticos dirigidos a miocardiopatías genéticas raras como el AOC 1072 para el Síndrome PRKAG2 y el AOC 1086 para la miocardiopatía por PLN. Además, la empresa está desarrollando terapias como Del-zota para la distrofia muscular de Duchenne (DMD), diseñada específicamente para personas con mutaciones susceptibles al salto del exón 44, lo que demuestra un enfoque dirigido al tratamiento de enfermedades genéticas.",426832590,USD,SMART,STK,False,"[{'name': 'rna-Q225-10-Q', 'url': 'https://storage.googleapis.com/reflexivity-documents-prod/edgar/filing/10-q/rna-Q225-10-Q.html'}, {'name': 'rna-Q125-10-Q', 'url': 'https://storage.googleapis.com/reflexivity-documents-prod/edgar/filing/10-q/rna-Q125-10-Q.html'}]",PER
RYTM,health,personalized_medicine,US76243J1051,RHYTHM PHARMACEUTICALS INC,41,"Desarrolla terapias dirigidas que encarnan los principios de la medicina personalizada, con el objetivo de ofrecer tratamientos adaptados a poblaciones de pacientes específicas.","El enfoque de Rhythm Pharmaceuticals en la medicina personalizada es evidente en su desarrollo y aplicación de agonistas del receptor de melanocortina-4 (MC4R), incluido IMCIVREE, como medicamentos de precisión diseñados para tratar la hiperfagia y la obesidad severa causadas por enfermedades de la vía MC4R. La empresa aprovecha una base de datos de ADN sustancial para mejorar la comprensión, el diagnóstico y la atención de personas con obesidad severa resultante de variantes genéticas específicas que afectan la vía MC4R. La aprobación de IMCIVREE por parte de la FDA para el control crónico del peso es específicamente para pacientes con obesidad debido a deficiencia de POMC, PCSK1 o LEPR confirmada mediante pruebas genéticas, lo que destaca el compromiso de la empresa con enfoques de tratamiento personalizados basados en perfiles genéticos.",291378079,USD,SMART,STK,False,"[{'name': 'rytm-Q225-10-Q', 'url': 'https://storage.googleapis.com/reflexivity-documents-prod/edgar/filing/10-q/rytm-Q225-10-Q.html'}, {'name': 'rytm-Q125-10-Q', 'url': 'https://storage.googleapis.com/reflexivity-documents-prod/edgar/filing/10-q/rytm-Q125-10-Q.html'}]",PER
HIMS,health,personalized_medicine,US4330001060,HIMS & HERS HEALTH INC,42,"Ofrece soluciones de atención médica personalizadas y planes de tratamiento personalizados a través de una plataforma de telesalud directa al consumidor, enfatizando las necesidades individuales del paciente.","Hims & Hers se enfoca en brindar atención médica profundamente personalizada aprovechando datos estructurados para llevar la medicina de precisión a una audiencia más amplia. La compañía está profundizando activamente sus capacidades de personalización, con planes de expandir sus tratamientos personalizados, mejorados por información de diagnósticos de laboratorio, datos de suscriptores y seguimiento de dispositivos portátiles. Hims & Hers se ve a sí misma construyendo la plataforma de atención médica de próxima generación que aprovecha la personalización y la tecnología, con la mayoría de los suscriptores ya utilizando soluciones personalizadas. La plataforma de la compañía incluye capacidades de personalización, y una parte significativa de sus ingresos de GLP-1 se deriva de dosis personalizadas.",466188387,USD,SMART,STK,True,"[{'name': 'hims-Q125-10-Q', 'url': 'https://storage.googleapis.com/reflexivity-documents-prod/edgar/filing/10-q/hims-Q125-10-Q.html'}, {'name': 'hims-Q225-10-Q', 'url': 'https://storage.googleapis.com/reflexivity-documents-prod/edgar/filing/10-q/hims-Q225-10-Q.html'}, {'name': 'hims-FY24-10-K', 'url': 'https://storage.googleapis.com/reflexivity-documents-prod/edgar/filing/10-k/hims-FY24-10-K.html'}]",PER
ORIC,health,personalized_medicine,US68622P1093,ORIC PHARMACEUTICALS INC,43,"Se dedica al desarrollo de candidatos terapéuticos que se alinean con los principios de la medicina personalizada, centrándose en tratamientos adaptados a las características específicas de los pacientes.","ORIC Pharmaceuticals demuestra su compromiso con la medicina personalizada a través de su enfoque en la oncología de precisión, con su equipo integrado avanzando en terapias dirigidas a los mecanismos de resistencia al cáncer. Esto se evidencia además en sus ensayos clínicos que exploran biomarcadores predictivos para determinar la selección de pacientes y el desarrollo de medicamentos de precisión dirigidos a los mecanismos de resistencia al cáncer. Específicamente, ORIC-114 se dirige a EGFR exón 20, HER2 exón 20 y mutaciones atípicas de EGFR, mientras que ORIC-944 está en desarrollo para el cáncer de próstata avanzado, lo que refleja un compromiso de adaptar los tratamientos a características genéticas y de enfermedad específicas.",419239304,USD,SMART,STK,False,"[{'name': 'oric-Q125-10-Q', 'url': 'https://storage.googleapis.com/reflexivity-documents-prod/edgar/filing/10-q/oric-Q125-10-Q.html'}, {'name': 'oric-Q225-10-Q', 'url': 'https://storage.googleapis.com/reflexivity-documents-prod/edgar/filing/10-q/oric-Q225-10-Q.html'}, {'name': 'oric-FY24-10-K', 'url': 'https://storage.googleapis.com/reflexivity-documents-prod/edgar/filing/10-k/oric-FY24-10-K.html'}]",PER
FOLD,health,personalized_medicine,US03152W1099,AMICUS THERAPEUTICS INC,44,"Desarrolla terapias dirigidas a poblaciones de pacientes específicas, contribuyendo a enfoques de tratamiento adaptados a las características individuales de la enfermedad.",,44273751,USD,SMART,STK,False,,PER
RXRX,health,personalized_medicine,US75629V1044,RECURSION PHARMACEUTICALS-A,45,Participa en esfuerzos de descubrimiento de fármacos que contribuyen al desarrollo de soluciones terapéuticas personalizadas dentro de la medicina personalizada.,"Recursion Pharmaceuticals participa activamente en la medicina personalizada a través de varias iniciativas. La empresa combina datos de pacientes adquiridos de Helix y Tempus con sus propios datos y algoritmos de biología de perturbación para conectar su plataforma a los pacientes, lo que les permite identificar objetivos y estratificar poblaciones de pacientes. Este enfoque se ve aún más mejorado por la aplicación de IA causal a la genómica humana. El énfasis estratégico de Recursion en el desarrollo basado en la precisión es evidente en su cartera, con un enfoque en poblaciones enriquecidas con biomarcadores y el uso de datos multimodales para comprender las poblaciones de pacientes, con el objetivo de crear medicamentos diferenciados adaptados a las necesidades específicas de los pacientes.",482017113,USD,SMART,STK,False,,PER
