industry,theme,isin_code,name,rank,description,evidence,ib_conid,currency,symbol,exchange,assetType,navigable,evidenceSources,theme_id
real estate,urban_real_estate,HK0016000132,SUN HUNG KAI PROPERTIES,1,"Desempeña un papel fundamental en el desarrollo integral, la inversión y la gestión de bienes raíces urbanos, dando forma significativa a los paisajes y la infraestructura metropolitanos.",,1616470,HKD,16,SEHK,STK,False,,UR1
real estate,urban_real_estate,US9290421091,VORNADO REALTY TRUST,2,"Se centra en la propiedad, gestión y desarrollo de activos inmobiliarios urbanos de primer nivel, contribuyendo a la vitalidad y la infraestructura de las áreas metropolitanas.","El negocio de Vornado se centra en gran medida en bienes raíces urbanos, particularmente en el área metropolitana de Nueva York, donde posee y opera propiedades de oficinas y minoristas. La cartera de la empresa se concentra en los principales centros urbanos como la ciudad de Nueva York, Chicago y San Francisco, con una parte significativa de sus ingresos operativos netos derivados del área metropolitana de la ciudad de Nueva York. Este énfasis se ve aún más subrayado por el enfoque de Vornado en ubicaciones privilegiadas y propiedades de Clase A dentro de Manhattan, incluidos proyectos notables como la reurbanización del PENN District, lo que solidifica su posición en el desarrollo y la planificación urbana.",13535,USD,VNO,SMART,STK,True,"[{'name': 'vno-Q324-10-Q', 'url': 'https://storage.googleapis.com/reflexivity-documents-prod/edgar/filing/10-q/vno-Q324-10-Q.html'}, {'name': 'vno-Q225-10-Q', 'url': 'https://storage.googleapis.com/reflexivity-documents-prod/edgar/filing/10-q/vno-Q225-10-Q.html'}, {'name': 'vno-FY24-10-K', 'url': 'https://storage.googleapis.com/reflexivity-documents-prod/edgar/filing/10-k/vno-FY24-10-K.html'}]",UR1
real estate,urban_real_estate,KYG2177B1014,CK ASSET HOLDINGS LTD,3,"Opera como un importante desarrollador e inversor global en bienes raíces urbanos, centrándose en diversas carteras de propiedades que incluyen activos residenciales, comerciales e industriales.",,290000373,HKD,1113,SEHK,STK,False,,UR1
real estate,urban_real_estate,US74340W1036,PROLOGIS INC,4,"Se enfoca en el desarrollo y la gestión de bienes raíces logísticos, que son esenciales para las cadenas de suministro urbanas y el cumplimiento de comercio electrónico dentro de las áreas metropolitanas.",,88819288,USD,PLD,SMART,STK,True,,UR1
real estate,urban_real_estate,US0534841012,AVALONBAY COMMUNITIES INC,5,"Se concentra en el desarrollo, adquisición y gestión de comunidades de apartamentos en mercados urbanos y suburbanos.","El enfoque de AvalonBay en viviendas de alta calidad en los principales mercados de apartamentos de todo el país demuestra un compromiso significativo con el sector inmobiliario urbano, con propiedades ubicadas principalmente en las principales áreas metropolitanas de 12 estados y el Distrito de Columbia. El énfasis estratégico de la empresa es evidente a través de su importante cartera de comunidades y la construcción en curso de nuevas viviendas de apartamentos, particularmente en regiones establecidas en las costas Este y Oeste. Las actividades de AvalonBay, incluida la optimización de su cartera para obtener rendimientos futuros, subrayan su compromiso con los mercados urbanos, incluso mientras asignan estratégicamente capital a submercados suburbanos.",5026974,USD,AVB,SMART,STK,True,"[{'name': 'avb-FY24-10-K', 'url': 'https://storage.googleapis.com/reflexivity-documents-prod/edgar/filing/10-k/avb-FY24-10-K.html'}]",UR1
real estate,urban_real_estate,US78440X8873,SL GREEN REALTY CORP,6,"Se enfoca en la propiedad, gestión y desarrollo de propiedades inmobiliarias comerciales urbanas, particularmente en el área metropolitana de Nueva York, contribuyendo significativamente al paisaje urbano.","La participación de la empresa en el tema de Bienes Raíces Urbanos es evidente en su concentración en propiedades comerciales dentro del área metropolitana de Nueva York, especialmente Manhattan. Como REIT, la empresa participa en la propiedad, gestión, operación, adquisición, desarrollo, reurbanización, reposicionamiento y financiación de estas propiedades. La cartera de la empresa se compone principalmente de propiedades comerciales ubicadas en el área metropolitana de Nueva York, principalmente Manhattan.",537789289,USD,SLG,SMART,STK,True,"[{'name': 'slg-Q324-10-Q', 'url': 'https://storage.googleapis.com/reflexivity-documents-prod/edgar/filing/10-q/slg-Q324-10-Q.html'}, {'name': 'slg-Q225-10-Q', 'url': 'https://storage.googleapis.com/reflexivity-documents-prod/edgar/filing/10-q/slg-Q225-10-Q.html'}]",UR1
real estate,urban_real_estate,US76169C1009,REXFORD INDUSTRIAL REALTY IN,7,"Se enfoca en poseer, administrar y desarrollar propiedades industriales dentro de los mercados urbanos del sur de California, contribuyendo a la densificación y funcionalidad del sector inmobiliario urbano.","El negocio de Rexford Industrial Realty está significativamente ligado a los bienes raíces urbanos, ya que la compañía se enfoca en poseer y operar propiedades industriales en los mercados de relleno del sur de California. La estrategia de la compañía gira en torno a poseer propiedades en los mercados de relleno más fuertes, beneficiándose de las persistentes restricciones de oferta y sirviendo a una gran base de consumo regional. Rexford enfatiza la naturaleza irremplazable de sus ubicaciones de relleno y su resiliencia, destacando el compromiso de la compañía con los bienes raíces urbanos.",131219465,USD,REXR,SMART,STK,True,"[{'name': 'rexr-Q225-10-Q', 'url': 'https://storage.googleapis.com/reflexivity-documents-prod/edgar/filing/10-q/rexr-Q225-10-Q.html'}, {'name': 'rexr-FY24-10-K', 'url': 'https://storage.googleapis.com/reflexivity-documents-prod/edgar/filing/10-k/rexr-FY24-10-K.html'}]",UR1
real estate,urban_real_estate,US8288061091,SIMON PROPERTY GROUP INC,8,"Sirve como un importante propietario y desarrollador de propiedades minoristas y de uso mixto destacadas dentro de entornos urbanos y suburbanos, dando forma a los paisajes comerciales.",,2009113,USD,SPG,SMART,STK,True,,UR1
real estate,urban_real_estate,US29476L1070,EQUITY RESIDENTIAL,9,"Se enfoca en la adquisición, desarrollo y gestión de propiedades de apartamentos de alta calidad en mercados costeros urbanos y suburbanos de alta densidad, desempeñando un papel importante en el sector inmobiliario urbano.","El enfoque de Equity Residential en bienes raíces urbanos es evidente en su posicionamiento estratégico y colección de activos en centros urbanos de mercados costeros, lo que lo distingue de sus competidores. La compañía está experimentando fuertes resultados de ingresos en ciudades como Nueva York y San Francisco, donde las dinámicas favorables de oferta y demanda contribuyen a una alta ocupación y crecimiento de tarifas combinadas. El liderazgo de la compañía ha enfatizado que las mejoras en la calidad de vida en los centros urbanos impulsan un crecimiento más rápido del flujo de caja, y que la alta ocupación de Nueva York y la oferta limitada de nuevas construcciones la convierten en un mercado de alto rendimiento, con tendencias similares observadas en Boston y San Francisco.",6917,USD,EQR,SMART,STK,True,,UR1
real estate,urban_real_estate,US68902V1070,OTIS WORLDWIDE CORP,10,"Proporciona soluciones esenciales de transporte vertical, incluyendo ascensores y escaleras mecánicas, que son integrales para la funcionalidad y el desarrollo de la infraestructura inmobiliaria urbana en todo el mundo.","La participación de Otis en el tema de bienes raíces urbanos se demuestra a través del suministro e instalación de sistemas de ascensores en varios desarrollos urbanos. La compañía ha fortalecido su relación con DAMAC Properties en Dubai, asegurando acuerdos para suministrar e instalar ascensores SkyRise en múltiples proyectos de gran altura. Otis también ha sido seleccionada para instalar y mantener sistemas de ascensores en The Kross, un desarrollo de uso mixto en la ciudad de Ho Chi Minh, y modernizó ascensores en la OneAmerica Tower en Indianápolis, lo que ilustra aún más su participación en bienes raíces urbanos.",410755402,USD,OTIS,SMART,STK,True,,UR1
real estate,urban_real_estate,US1011211018,BXP INC,11,"Impulsa el desarrollo, la propiedad y la gestión de importantes carteras de bienes raíces urbanos, contribuyendo a la vitalidad comercial y económica de áreas metropolitanas clave.","La participación de BXP en el tema de Bienes Raíces Urbanos es evidente en su enfoque estratégico en lugares de trabajo de primer nivel concentrados en seis mercados dinámicos clave dentro de los EE. UU., incluyendo Boston, Los Ángeles, Nueva York, San Francisco, Seattle y Washington, D.C. La empresa también está desarrollando 290 Coles Street, un proyecto residencial de mercado asequible totalmente autorizado de 670 unidades que ofrece vistas panorámicas del río Hudson y el horizonte de Manhattan en Jersey City, Nueva Jersey. Además, un componente significativo de la cartera regional de BXP en Washington, DC se encuentra en Reston Town Center, un desarrollo de uso mixto galardonado en el norte de Virginia.",5021340,USD,BXP,SMART,STK,True,"[{'name': 'bxp-Q324-10-Q', 'url': 'https://storage.googleapis.com/reflexivity-documents-prod/edgar/filing/10-q/bxp-Q324-10-Q.html'}, {'name': 'bxp-Q125-10-Q', 'url': 'https://storage.googleapis.com/reflexivity-documents-prod/edgar/filing/10-q/bxp-Q125-10-Q.html'}, {'name': 'bxp-FY24-10-K', 'url': 'https://storage.googleapis.com/reflexivity-documents-prod/edgar/filing/10-k/bxp-FY24-10-K.html'}]",UR1
real estate,urban_real_estate,JP3893200000,MITSUI FUDOSAN CO LTD,12,"Contribuye significativamente al desarrollo y la gestión de propiedades urbanas, dando forma a los paisajes urbanos a través de diversos proyectos inmobiliarios.",,13906000,JPY,8801,SMART,STK,False,,UR1
real estate,urban_real_estate,US8894781033,TOLL BROTHERS INC,13,"Desarrolla comunidades residenciales de lujo en ubicaciones urbanas y suburbanas, influyendo significativamente en el paisaje y el desarrollo del sector inmobiliario urbano.","Toll Brothers participa en el tema de bienes raíces urbanos a través del diseño, construcción, comercialización, venta y financiación de comunidades urbanas de baja, media y alta densidad. El compromiso de la empresa se extiende a condominios de lujo urbanos de alta densidad y gran altura, a veces desarrollados con socios de empresas conjuntas de terceros. Además, Toll Brothers vende propiedades comerciales y minoristas ubicadas típicamente dentro de sus comunidades de condominios de lujo urbanos, lo que contribuye a su participación en bienes raíces urbanos.",12915,USD,TOL,SMART,STK,True,"[{'name': 'tol-Q324-10-Q', 'url': 'https://storage.googleapis.com/reflexivity-documents-prod/edgar/filing/10-q/tol-Q324-10-Q.html'}, {'name': 'tol-Q125-10-Q', 'url': 'https://storage.googleapis.com/reflexivity-documents-prod/edgar/filing/10-q/tol-Q125-10-Q.html'}, {'name': 'tol-FY24-10-K', 'url': 'https://storage.googleapis.com/reflexivity-documents-prod/edgar/filing/10-k/tol-FY24-10-K.html'}]",UR1
real estate,urban_real_estate,US03027X1000,AMERICAN TOWER CORP,14,"Posee y opera una amplia cartera de sitios de comunicación, incluidas torres de telefonía celular y centros de datos, que son componentes críticos de la infraestructura inmobiliaria urbana que soporta la conectividad inalámbrica y los servicios digitales.",,99831145,USD,AMT,SMART,STK,True,,UR1
real estate,urban_real_estate,US2971781057,ESSEX PROPERTY TRUST INC,15,"Gestiona y desarrolla una cartera de propiedades residenciales multifamiliares ubicadas principalmente en mercados urbanos y suburbanos, influyendo directamente en la oferta y la calidad del mercado inmobiliario urbano.","El negocio de Essex se centra en bienes raíces urbanos, específicamente comunidades de apartamentos en la costa oeste de los Estados Unidos, incluidas las principales áreas metropolitanas como el norte de California, el sur de California y Seattle. La empresa se enfoca en adquirir, desarrollar, reurbanizar y administrar estas propiedades, con discusiones sobre las tendencias del mercado, la oferta y la demanda en estos mercados urbanos dominando sus llamadas de resultados. Este énfasis en propiedades multifamiliares en áreas urbanas resalta la importancia estratégica de los bienes raíces urbanos para Essex.",6946,USD,ESS,SMART,STK,True,"[{'name': 'ess-FY24-10-K', 'url': 'https://storage.googleapis.com/reflexivity-documents-prod/edgar/filing/10-k/ess-FY24-10-K.html'}, {'name': 'ess-Q324-10-Q', 'url': 'https://storage.googleapis.com/reflexivity-documents-prod/edgar/filing/10-q/ess-Q324-10-Q.html'}]",UR1
real estate,urban_real_estate,US22160N1090,COSTAR GROUP INC,16,Las actividades se dirigen principalmente al sector de Bienes Raíces Urbanos.,"CoStar Group mantiene una fuerte conexión con el sector inmobiliario urbano a través de la operación de los principales mercados inmobiliarios en línea tanto en EE. UU. como en el Reino Unido. La base de datos integral de bienes raíces comerciales y el departamento de investigación de la empresa solidifican aún más esta presencia. Esto se ve reforzado por la expansión estratégica de CoStar de su producto LoopNet a Francia y España, lo que demuestra un claro enfoque en el crecimiento de su huella en los principales centros urbanos.",6726677,USD,CSGP,SMART,STK,True,"[{'name': 'csgp-Q125-10-Q', 'url': 'https://storage.googleapis.com/reflexivity-documents-prod/edgar/filing/10-q/csgp-Q125-10-Q.html'}]",UR1
real estate,urban_real_estate,US3137451015,FEDERAL REALTY INVS TRUST,17,"Invierte, posee y gestiona propiedades de alta calidad basadas en minoristas y de uso mixto ubicadas en comunidades urbanas densamente pobladas y prósperas.","La empresa demuestra un enfoque en bienes raíces urbanos a través de sus inversiones en propiedades ubicadas en áreas metropolitanas, incluyendo comunidades de uso mixto y activos residenciales, comerciales e industriales. Esto se ejemplifica aún más con proyectos en áreas urbanas como San José, Boston, Bethesda, Hoboken y Filadelfia, incluido un proyecto residencial sobre comercio minorista en Hoboken destinado a densificar el sector inmobiliario. La cartera de la empresa incluye el componente de oficinas de comunidades de uso mixto, lo que indica una asignación sustancial de recursos a bienes raíces urbanos.",535271300,EUR,QM1,VALUE,STK,True,,UR1
real estate,urban_real_estate,US5529531015,MGM RESORTS INTERNATIONAL,18,"Desarrolla, posee y opera propiedades de resorts integrados a gran escala, incluyendo casinos, hoteles y locales de entretenimiento, contribuyendo significativamente al paisaje económico y físico de los centros urbanos.",,9560,USD,MGM,SMART,STK,True,,UR1
real estate,urban_real_estate,US7588491032,REGENCY CENTERS CORP,19,"Se centra en la propiedad, gestión y desarrollo de centros comerciales con supermercados como ancla y otras propiedades minoristas esenciales, que forman componentes clave de la infraestructura inmobiliaria urbana.","La participación de la compañía en el tema de Bienes Raíces Urbanos es evidente a través de su enfoque en la propiedad, operación y desarrollo de centros comerciales de vecindario y comunitarios ubicados principalmente en áreas comerciales suburbanas dentro de las áreas metropolitanas más deseables del país. Si bien la compañía se enfoca en ubicaciones suburbanas, estas áreas son partes integrales de contextos urbanos y áreas metropolitanas más grandes, lo que indica un énfasis estratégico en bienes raíces urbanos. La compañía se dirige a centros comerciales de alta calidad en estas áreas comerciales suburbanas, lo que refleja un enfoque en bienes raíces urbanos, respaldado aún más por proyectos de desarrollo y redesarrollo en varios mercados urbanos como Long Island, NY, y Houston, TX.",11574,USD,REG,SMART,STK,True,"[{'name': 'reg-Q224-10-Q', 'url': 'https://storage.googleapis.com/reflexivity-documents-prod/edgar/filing/10-q/reg-Q224-10-Q.html'}, {'name': 'reg-FY24-10-K', 'url': 'https://storage.googleapis.com/reflexivity-documents-prod/edgar/filing/10-k/reg-FY24-10-K.html'}]",UR1
real estate,urban_real_estate,US22822V1017,CROWN CASTLE INC,20,"Desarrolla y gestiona una extensa infraestructura de comunicaciones, incluyendo torres de telefonía celular, small cells y redes de fibra óptica, que son activos fundamentales para la conectividad dentro de los entornos urbanos de bienes raíces.",,176571182,USD,CCI,SMART,STK,True,,UR1
real estate,urban_real_estate,US2296631094,CUBESMART,21,"Opera instalaciones de autoalmacenamiento predominantemente en mercados urbanos y suburbanos, proporcionando soluciones inmobiliarias esenciales dentro de estas áreas densamente pobladas.","El enfoque de la empresa en bienes raíces urbanos es evidente a través del sólido desempeño de sus mercados urbanos a lo largo del Corredor Acela y las tiendas en Chicago. El MSA de Nueva York también demuestra una sólida aceleración secuencial en los ingresos netos por alquiler, con los distritos a la cabeza debido a la reducción de la nueva oferta y la fuerte demanda de consumidores y pequeñas empresas, seguida de un buen desempeño en Long Island y una mejora gradual en el norte de Nueva Jersey. Si bien los mercados urbanos de la empresa son los de mejor rendimiento, la empresa también reconoce el bajo rendimiento en mercados más volátiles del Sunbelt como Florida y Arizona, que dependen más de la movilidad de la vivienda y aún están absorbiendo nueva oferta.",94153980,USD,CUBE,SMART,STK,True,,UR1
real estate,urban_real_estate,US44107P1049,HOST HOTELS & RESORTS INC,22,"Se especializa en poseer e invertir en propiedades hoteleras, desempeñando un papel central en el mercado inmobiliario urbano a través de su extensa cartera.","La participación de la empresa en el tema de Bienes Raíces Urbanos está respaldada por sus propiedades en áreas metropolitanas como Washington, D.C., Nueva York, Nueva Orleans y Los Ángeles. Esto se demuestra además por un fuerte desempeño en mercados urbanos, incluido un aumento sustancial en RevPAR en Washington, D.C. La empresa también está progresando con el desarrollo de condominios en el Four Seasons Resort Orlando, con una guía de gastos de capital que refleja inversiones en proyectos de reurbanización y reposicionamiento.",8057,USD,HST,SMART,STK,True,,UR1
real estate,urban_real_estate,US87724P1066,TAYLOR MORRISON HOME CORP,23,"Desarrolla y construye viviendas dentro de comunidades urbanas y suburbanas, contribuyendo a la oferta de viviendas y al crecimiento de las áreas metropolitanas.","El compromiso de TMHC con el tema de Bienes Raíces Urbanos se demuestra a través de su propiedad y operación de espacios comerciales, minoristas y propiedades multifamiliares bajo la marca 'Urban Form'. La empresa ha reconocido cargos por deterioro relacionados con estas propiedades de Urban Form, lo que indica su relevancia financiera. Esta actividad refleja la asignación de recursos de la empresa hacia bienes raíces urbanos.",125483759,USD,TMHC,SMART,STK,True,"[{'name': 'tmhc-FY24-10-K', 'url': 'https://storage.googleapis.com/reflexivity-documents-prod/edgar/filing/10-k/tmhc-FY24-10-K.html'}]",UR1
real estate,urban_real_estate,US9026531049,UDR INC,24,"Gestiona y desarrolla comunidades de apartamentos multifamiliares ubicadas principalmente en mercados urbanos y suburbanos deseables, contribuyendo al panorama residencial de las áreas metropolitanas.","El negocio de UDR se centra en propiedades residenciales multifamiliares en áreas urbanas, particularmente en los mercados de la Costa Este, la Costa Oeste y el Cinturón del Sol (Sunbelt), que se mencionan constantemente en sus informes. El desempeño financiero de la empresa está estrechamente ligado a la dinámica de estos mercados inmobiliarios urbanos, incluyendo factores como la demanda, la oferta y la asequibilidad. UDR expresa optimismo sobre el potencial de crecimiento a largo plazo de la industria multifamiliar, abordando la persistente escasez de viviendas en los Estados Unidos como un factor clave.",43274444,USD,UDR,SMART,STK,True,,UR1
real estate,urban_real_estate,US7005171050,PARK HOTELS & RESORTS INC,25,Contribuye al sector de bienes raíces urbanos a través de la propiedad y operación de una cartera de hoteles de lujo y gama alta estratégicamente ubicados en mercados urbanos y turísticos clave.,"La participación de la empresa en el tema de Bienes Raíces Urbanos es evidente a través de su extensa cartera de hoteles, con una concentración significativa en áreas urbanas y de convenciones importantes como la ciudad de Nueva York, Washington D.C., Chicago, Boston, Nueva Orleans y Denver. Estos hoteles de marca premium, que constituyen una parte sustancial de sus 39 hoteles y aproximadamente 25.000 habitaciones, son principalmente propiedades de lujo y de alta gama ubicadas en los principales mercados de EE. UU. El enfoque de la empresa en los activos inmobiliarios urbanos se destaca aún más por el rendimiento de sus propiedades en mercados urbanos como Nueva York, San Francisco, Denver y Boston, así como por las iniciativas estratégicas que implican la enajenación de hoteles no esenciales en áreas urbanas y la reinversión en activos centrales, incluida la venta de Hyatt Centric Fisherman's Wharf en San Francisco.",257944575,USD,PK,SMART,STK,True,"[{'name': 'pk-FY24-10-K', 'url': 'https://storage.googleapis.com/reflexivity-documents-prod/edgar/filing/10-k/pk-FY24-10-K.html'}, {'name': 'pk-Q225-10-Q', 'url': 'https://storage.googleapis.com/reflexivity-documents-prod/edgar/filing/10-q/pk-Q225-10-Q.html'}, {'name': 'pk-Q324-10-Q', 'url': 'https://storage.googleapis.com/reflexivity-documents-prod/edgar/filing/10-q/pk-Q324-10-Q.html'}]",UR1
real estate,urban_real_estate,US9256521090,VICI PROPERTIES INC,26,"Sirve como propietario y arrendador importante de activos inmobiliarios experienciales de primer nivel, ubicados principalmente en áreas urbanas y densamente pobladas, contribuyendo al panorama económico y de entretenimiento de estas ciudades.",,292080616,USD,VICI,SMART,STK,True,,UR1
real estate,urban_real_estate,US44267T1025,HOWARD HUGHES HOLDINGS INC,27,"Desarrolla, posee y gestiona comunidades planificadas a gran escala y propiedades de uso mixto, dando forma significativamente a los paisajes urbanos y al desarrollo económico.",,647324601,USD,HHH,SMART,STK,False,,UR1
real estate,urban_real_estate,US88146M1018,TERRENO REALTY CORP,28,"Se enfoca en la adquisición, propiedad y operación de propiedades industriales ubicadas en áreas de relleno urbano dentro de los principales mercados costeros de EE. UU.","El enfoque de Terreno Realty Corporation en el tema de Bienes Raíces Urbanos es evidente a través de sus operaciones comerciales. La compañía se concentra en adquirir, poseer y operar bienes raíces industriales dentro de seis mercados costeros importantes de EE. UU., incluyendo el norte de Nueva Jersey/Nueva York, Los Ángeles, Miami, el Área de la Bahía de San Francisco, Seattle y Washington, D.C. El énfasis estratégico de la compañía se refleja en su creciente enfoque en ubicaciones urbanas dentro de estos mercados y su adquisición de ocho propiedades industriales y una cartera de propiedades industriales por aproximadamente $884.5 millones durante 2024.",72086382,USD,TRNO,SMART,STK,True,"[{'name': 'trno-FY24-10-K', 'url': 'https://storage.googleapis.com/reflexivity-documents-prod/edgar/filing/10-k/trno-FY24-10-K.html'}, {'name': 'trno-Q324-10-Q', 'url': 'https://storage.googleapis.com/reflexivity-documents-prod/edgar/filing/10-q/trno-Q324-10-Q.html'}]",UR1
real estate,urban_real_estate,US49446R1095,KIMCO REALTY CORP,29,"Se enfoca en poseer y operar una cartera de propiedades inmobiliarias urbanas, contribuyendo significativamente al desarrollo y la gestión de espacios comerciales en entornos urbanos.","Kimco Realty Corporation, como el mayor propietario y operador que cotiza en bolsa en América del Norte de centros comerciales al aire libre anclados en supermercados y una cartera creciente de activos de uso mixto, demuestra una fuerte conexión con el tema de Bienes Raíces Urbanos. El enfoque de la empresa en centros comerciales al aire libre y activos de uso mixto, ubicados principalmente en áreas urbanas, subraya esta alineación. Además, como REIT, las operaciones de Kimco se llevan a cabo sustancialmente a través de su compañía operativa, lo que refuerza su presencia significativa en el sector inmobiliario urbano.",8845,USD,KIM,SMART,STK,True,"[{'name': 'kim-Q324-10-Q', 'url': 'https://storage.googleapis.com/reflexivity-documents-prod/edgar/filing/10-q/kim-Q324-10-Q.html'}]",UR1
real estate,urban_real_estate,US1331311027,CAMDEN PROPERTY TRUST,30,"Se enfoca en la propiedad, gestión y desarrollo de propiedades residenciales multifamiliares ubicadas principalmente en mercados urbanos y suburbanos de alta densidad.",,6004,USD,CPT,SMART,STK,True,,UR1
real estate,urban_real_estate,US0042391096,ACADIA REALTY TRUST,31,"Se enfoca en la propiedad, gestión y desarrollo de propiedades inmobiliarias urbanas.","El negocio de Acadia Realty Trust está significativamente ligado al sector inmobiliario urbano, ya que la compañía se enfoca estratégicamente en la propiedad, adquisición, desarrollo y gestión de propiedades minoristas principalmente en áreas metropolitanas densamente pobladas, con barreras de entrada altas y oferta limitada dentro de los Estados Unidos. Su cartera principal está dominada por comercios callejeros en mercados urbanos, con un enfoque en la propiedad de múltiples tiendas agrupadas en corredores como M Street en Georgetown y North 6th Street en Brooklyn. El impulso de arrendamiento de la compañía está impulsado principalmente por su cartera de comercios callejeros y urbanos, con una parte sustancial de los arrendamientos ejecutados provenientes de este segmento, y sus propiedades se concentran en corredores que atienden principalmente a consumidores acomodados en áreas urbanas.",6607467,USD,AKR,SMART,STK,True,"[{'name': 'akr-Q225-10-Q', 'url': 'https://storage.googleapis.com/reflexivity-documents-prod/edgar/filing/10-q/akr-Q225-10-Q.html'}, {'name': 'akr-Q324-10-Q', 'url': 'https://storage.googleapis.com/reflexivity-documents-prod/edgar/filing/10-q/akr-Q324-10-Q.html'}, {'name': 'akr-FY24-10-K', 'url': 'https://storage.googleapis.com/reflexivity-documents-prod/edgar/filing/10-k/akr-FY24-10-K.html'}, {'name': 'akr-Q125-10-Q', 'url': 'https://storage.googleapis.com/reflexivity-documents-prod/edgar/filing/10-q/akr-Q125-10-Q.html'}]",UR1
real estate,urban_real_estate,GB00BYW0PQ60,LAND SECURITIES GROUP PLC,32,"Se enfoca en la propiedad, desarrollo y gestión de propiedades urbanas, contribuyendo a la infraestructura y actividad económica de los centros urbanos clave.",,288529684,GBP,LAND,SMART,STK,False,,UR1
real estate,urban_real_estate,US59522J1034,MID-AMERICA APARTMENT COMM,33,"Se enfoca en la propiedad, desarrollo y gestión de comunidades de apartamentos dentro de los mercados inmobiliarios urbanos.",,9317,USD,MAA,SMART,STK,True,,UR1
real estate,urban_real_estate,US8678921011,SUNSTONE HOTEL INVESTORS INC,34,"Invierte en una cartera de hoteles predominantemente ubicados en los principales mercados urbanos y turísticos, contribuyendo al panorama inmobiliario comercial de estas áreas.","El compromiso de Sunstone Hotel Investors con el tema de Bienes Raíces Urbanos es evidente a través de la propiedad y operación de hoteles en diversas ubicaciones urbanas, incluyendo Long Beach, Portland, Nueva Orleans, San Francisco y Washington D.C. Los hoteles urbanos de la empresa se benefician de importantes barreras de entrada y diversos impulsores económicos, y se espera que el Andaz Miami Beach contribuya con una cantidad sustancial de EBITDA. La empresa también discute el rendimiento y las renovaciones de hoteles en estas ciudades, destacando la importancia de su ubicación y el impacto de los eventos urbanos y los viajes de negocios en sus ingresos.",31729162,USD,SHO,SMART,STK,True,"[{'name': 'sho-Q324-10-Q', 'url': 'https://storage.googleapis.com/reflexivity-documents-prod/edgar/filing/10-q/sho-Q324-10-Q.html'}, {'name': 'sho-Q225-10-Q', 'url': 'https://storage.googleapis.com/reflexivity-documents-prod/edgar/filing/10-q/sho-Q225-10-Q.html'}, {'name': 'sho-FY24-10-K', 'url': 'https://storage.googleapis.com/reflexivity-documents-prod/edgar/filing/10-k/sho-FY24-10-K.html'}, {'name': 'sho-Q125-10-Q', 'url': 'https://storage.googleapis.com/reflexivity-documents-prod/edgar/filing/10-q/sho-Q125-10-Q.html'}]",UR1
real estate,urban_real_estate,US2227955026,COUSINS PROPERTIES INC,35,"Se centra en el desarrollo y la gestión de propiedades inmobiliarias urbanas de alta calidad, contribuyendo a la revitalización y el crecimiento de los centros urbanos.","La participación de Cousins Properties en el tema de Bienes Raíces Urbanos es evidente en su enfoque estratégico de poseer carteras de oficinas urbanas de primera categoría en los mercados del Sun Belt, incluyendo Austin, Atlanta, Charlotte, Tampa, Phoenix, Dallas y Nashville. Este enfoque se destaca por la adquisición de propiedades como The Link en Uptown Dallas, una propiedad de oficinas de estilo de vida de trofeo, y sus continuos esfuerzos para mejorar su cartera de estilo de vida. Las inversiones, adquisiciones y proyectos de desarrollo de la empresa se encuentran en estas áreas metropolitanas, con una estrategia centrada en la creación de valor a través de la propiedad de estas propiedades.",370528272,USD,CUZ,SMART,STK,True,"[{'name': 'cuz-Q225-10-Q', 'url': 'https://storage.googleapis.com/reflexivity-documents-prod/edgar/filing/10-q/cuz-Q225-10-Q.html'}, {'name': 'cuz-Q125-10-Q', 'url': 'https://storage.googleapis.com/reflexivity-documents-prod/edgar/filing/10-q/cuz-Q125-10-Q.html'}]",UR1
real estate,urban_real_estate,US49427F1084,KILROY REALTY CORP,36,"Se enfoca en la propiedad, desarrollo y gestión de propiedades inmobiliarias urbanas de alta calidad.","La estrategia comercial de Kilroy Realty Corporation enfatiza fuertemente los bienes raíces urbanos a través de su enfoque en poseer, desarrollar, adquirir y administrar propiedades de primera clase. Esto es evidente en su concentración en las principales ciudades de EE. UU. como Los Ángeles, San Diego, el Área de la Bahía de San Francisco, Seattle y Austin, que consideran que tienen ventajas estratégicas y fuertes barreras de entrada. La cartera de la empresa incluye tipos de propiedades de oficinas, ciencias de la vida y de uso mixto de primera clase dentro de estas áreas metropolitanas.",2586128,USD,KRC,SMART,STK,True,"[{'name': 'krc-FY24-10-K', 'url': 'https://storage.googleapis.com/reflexivity-documents-prod/edgar/filing/10-k/krc-FY24-10-K.html'}]",UR1
real estate,urban_real_estate,US5543821012,MACERICH CO/THE,37,"Gestiona y posee una cartera de propiedades minoristas de alta calidad ubicadas en mercados urbanos y suburbanos densamente poblados, contribuyendo a la infraestructura comercial del sector inmobiliario urbano.","El compromiso de la Compañía con el tema de Bienes Raíces Urbanos se deriva de su negocio principal de adquirir, poseer, desarrollar, reurbanizar, administrar y arrendar centros comerciales regionales y comunitarios en los Estados Unidos. Las propiedades de la empresa están ubicadas en todo Estados Unidos, lo que implica que algunas de ellas se encuentran en áreas urbanas. La empresa se enfoca en propiedades ubicadas en todo Estados Unidos, lo que implica una presencia significativa en áreas urbanas y suburbanas.",9322,USD,MAC,SMART,STK,True,"[{'name': 'mac-FY24-10-K', 'url': 'https://storage.googleapis.com/reflexivity-documents-prod/edgar/filing/10-k/mac-FY24-10-K.html'}]",UR1
real estate,urban_real_estate,US02665T3068,AMERICAN HOMES 4 RENT- A,38,"Opera como un importante propietario y operador de viviendas de alquiler unifamiliares, contribuyendo significativamente al panorama inmobiliario residencial urbano y suburbano.",,132221970,USD,AMH,SMART,STK,True,,UR1
real estate,urban_real_estate,US4312841087,HIGHWOODS PROPERTIES INC,39,"Se enfoca en desarrollar, poseer y administrar propiedades de oficinas de alta calidad en mercados urbanos dinámicos en el sureste y el Atlántico medio de los Estados Unidos.","La estrategia de la empresa se centra en poseer y gestionar propiedades dentro de BBDs dinámicos y vibrantes, abarcando entornos urbanos y suburbanos, lo que refleja un enfoque en bienes raíces urbanos. Estas BBDs, caracterizadas como ubicaciones de trabajo altamente energéticas y con amenidades, están diseñadas para mejorar la capacidad de los clientes para atraer y retener talento. La empresa busca adquirir y desarrollar edificios de oficinas que mejoren la calidad promedio de su cartera general.",8015,USD,HIW,SMART,STK,True,"[{'name': 'hiw-FY24-10-K', 'url': 'https://storage.googleapis.com/reflexivity-documents-prod/edgar/filing/10-k/hiw-FY24-10-K.html'}]",UR1
real estate,urban_real_estate,US92936U1097,WP CAREY INC,40,Implica la propiedad y el arrendamiento de propiedades comerciales ubicadas predominantemente en áreas urbanas y metropolitanas.,,113407826,USD,WPC,SMART,STK,True,,UR1
real estate,urban_real_estate,US69924R1086,PARAMOUNT GROUP INC,41,"Gestiona e invierte en una cartera de propiedades inmobiliarias urbanas, contribuyendo al desarrollo y operación de espacios comerciales dentro de los centros metropolitanos.","El compromiso de la empresa con el tema de Bienes Raíces Urbanos es significativo, ya que es un REIT totalmente integrado enfocado en poseer, operar, administrar, adquirir y redesarrollar propiedades de oficinas de alta calidad, Clase A. Este enfoque se encuentra específicamente dentro de submercados selectos del distrito central de negocios de la ciudad de Nueva York y San Francisco, lo que destaca la dedicación de la empresa a los centros urbanos. El negocio principal de la empresa gira en torno a estas propiedades, lo que convierte los bienes raíces urbanos en un importante generador de ingresos.",173803851,USD,PGRE,VALUE,STK,False,"[{'name': 'pgre-Q225-10-Q', 'url': 'https://storage.googleapis.com/reflexivity-documents-prod/edgar/filing/10-q/pgre-Q225-10-Q.html'}, {'name': 'pgre-FY24-10-K', 'url': 'https://storage.googleapis.com/reflexivity-documents-prod/edgar/filing/10-k/pgre-FY24-10-K.html'}, {'name': 'pgre-Q125-10-Q', 'url': 'https://storage.googleapis.com/reflexivity-documents-prod/edgar/filing/10-q/pgre-Q125-10-Q.html'}]",UR1
real estate,urban_real_estate,US70509V1008,PEBBLEBROOK HOTEL TRUST,42,"Invierte y gestiona una cartera de hoteles ubicados en mercados urbanos, contribuyendo al sector hotelero dentro de estas áreas.","La participación de Pebblebrook Hotel Trust en el tema de Bienes Raíces Urbanos es evidente a través de su propiedad y operación de hoteles en diversas ubicaciones urbanas, incluyendo San Francisco, Los Ángeles, Boston y Chicago. Los hoteles urbanos de la empresa experimentaron un aumento en la ocupación impulsado por un sólido desempeño en ciudades como Chicago, San Diego, Boston y Portland. Si bien el RevPAR total urbano de la empresa disminuyó debido a las interrupciones en Los Ángeles, excluyendo L.A., los ingresos urbanos registraron un aumento, y el RevPAR de propiedades comparables creció, liderado por el portafolio urbano.",70853825,USD,PEB,SMART,STK,True,"[{'name': 'peb-FY24-10-K', 'url': 'https://storage.googleapis.com/reflexivity-documents-prod/edgar/filing/10-k/peb-FY24-10-K.html'}, {'name': 'peb-Q324-10-Q', 'url': 'https://storage.googleapis.com/reflexivity-documents-prod/edgar/filing/10-q/peb-Q324-10-Q.html'}, {'name': 'peb-Q125-10-Q', 'url': 'https://storage.googleapis.com/reflexivity-documents-prod/edgar/filing/10-q/peb-Q125-10-Q.html'}]",UR1
real estate,urban_real_estate,US50187T1060,LGI HOMES INC,43,"Desarrolla y vende viviendas nuevas, desempeñando un papel en la expansión y transformación de los mercados inmobiliarios urbanos y suburbanos.",,137937808,USD,LGIH,SMART,STK,True,,UR1
real estate,urban_real_estate,US2921041065,EMPIRE STATE REALTY TRUST-A,44,"Gestiona y opera una cartera de activos inmobiliarios urbanos, contribuyendo al desarrollo y la vitalidad de los entornos urbanos.","El negocio de la compañía se centra en bienes raíces urbanos, principalmente en la ciudad de Nueva York, con un fuerte énfasis en espacios de oficinas en Manhattan y locales comerciales en Williamsburg. Este enfoque es evidente en sus actividades de arrendamiento y adquisición, que se concentran en estas áreas urbanas. El portafolio de la compañía, caracterizado por propiedades modernizadas y ricas en comodidades cerca del transporte público masivo, subraya su dedicación a los bienes raíces urbanos dentro de la ciudad de Nueva York. Esta concentración estratégica en un importante centro urbano resalta la importancia de los bienes raíces urbanos para la compañía.",135702590,USD,ESRT,SMART,STK,False,,UR1
real estate,urban_real_estate,US55305B1017,M/I HOMES INC,45,Contribuye al desarrollo y la disponibilidad de viviendas en mercados urbanos y suburbanos a través de la construcción y venta de viviendas.,,9594,USD,MHO,SMART,STK,True,,UR1
real estate,urban_real_estate,US46590V1008,JBG SMITH PROPERTIES,46,"Desarrolla y gestiona una cartera de propiedades urbanas, contribuyendo al crecimiento y la revitalización de las áreas metropolitanas.","El enfoque de JBG SMITH en Bienes Raíces Urbanos es evidente a través de su propiedad, operación y desarrollo de propiedades de uso mixto concentradas en submercados ricos en servicios y servidos por el Metro en y alrededor de Washington, D.C., especialmente National Landing. La empresa cultiva vecindarios vibrantes y transitables en toda el área metropolitana de Washington, D.C., con una parte significativa de sus propiedades ubicadas en el submercado de National Landing en el norte de Virginia. Esta concentración en submercados urbanos de alto crecimiento y alta barrera de entrada resalta la importancia estratégica de los bienes raíces urbanos para el negocio de JBG SMITH.",280803967,USD,JBGS,SMART,STK,True,"[{'name': 'jbgs-Q324-10-Q', 'url': 'https://storage.googleapis.com/reflexivity-documents-prod/edgar/filing/10-q/jbgs-Q324-10-Q.html'}, {'name': 'jbgs-Q225-10-Q', 'url': 'https://storage.googleapis.com/reflexivity-documents-prod/edgar/filing/10-q/jbgs-Q225-10-Q.html'}, {'name': 'jbgs-FY24-10-K', 'url': 'https://storage.googleapis.com/reflexivity-documents-prod/edgar/filing/10-k/jbgs-FY24-10-K.html'}]",UR1
real estate,urban_real_estate,US49803T3005,KITE REALTY GROUP TRUST,47,"Se enfoca en poseer, administrar y desarrollar propiedades minoristas ubicadas principalmente en mercados urbanos y suburbanos de alta densidad.","El compromiso de Kite Realty Group Trust con el tema de Bienes Raíces Urbanos es evidente a través de su enfoque estratégico en centros comerciales de alta calidad, al aire libre y anclados en supermercados, y activos de uso mixto. La empresa se dirige a propiedades ubicadas principalmente en mercados de alto crecimiento del Cinturón del Sol y selectos mercados estratégicos de puerta de entrada dentro de los Estados Unidos. Estos submercados se seleccionan en función de criterios como ingresos familiares superiores al promedio, nivel educativo, densidad de población, recuentos de tráfico y poblaciones de trabajadores diurnos.",161703135,USD,KRG,SMART,STK,True,"[{'name': 'krg-FY24-10-K', 'url': 'https://storage.googleapis.com/reflexivity-documents-prod/edgar/filing/10-k/krg-FY24-10-K.html'}]",UR1
real estate,urban_real_estate,US8666741041,SUN COMMUNITIES INC,48,"Contribuye al sector inmobiliario urbano a través de la propiedad y operación de comunidades de casas prefabricadas y vehículos recreativos, ofreciendo diversas soluciones de vivienda y ocio.",,12485,USD,SUI,SMART,STK,False,,UR1
real estate,urban_real_estate,US74965L1017,RLJ LODGING TRUST,49,Contribuye al sector inmobiliario urbano a través de la propiedad y operación de hoteles.,"El compromiso de RLJ Lodging Trust con el tema de bienes raíces urbanos es evidente en su estrategia de cartera centrada en lo urbano, que está diseñada para capitalizar ubicaciones con múltiples impulsores de demanda y perspectivas de crecimiento a largo plazo atractivas. Los hoteles de la empresa se encuentran principalmente en distritos comerciales dentro de las principales áreas metropolitanas y mercados urbanos de alto crecimiento. Este enfoque estratégico en hoteles urbanos impulsó el desempeño de la empresa en el primer trimestre, logrando un sólido crecimiento del RevPAR.",87836953,USD,RLJ,SMART,STK,False,,UR1
real estate,urban_real_estate,US91704F1049,URBAN EDGE PROPERTIES,50,"Se especializa en la propiedad, gestión y reurbanización de propiedades minoristas y de uso mixto ubicadas principalmente en mercados urbanos y suburbanos densos.","Urban Edge Properties se identifica como un fideicomiso de inversión inmobiliaria centrado en poseer, administrar, adquirir, desarrollar y redesarrollar bienes raíces comerciales, principalmente en el corredor de Washington, D.C. a Boston, una región densamente poblada y con oferta restringida. La empresa destaca su alta densidad poblacional promedio de 3 millas dentro de este corredor, que es la más alta del sector. Además, Urban Edge participa en proyectos de desarrollo residencial urbano, como la venta de terrenos aprobados para unidades residenciales, lo que demuestra su participación en el desarrollo urbano.",178687328,USD,UE,SMART,STK,True,"[{'name': 'ue-Q324-10-Q', 'url': 'https://storage.googleapis.com/reflexivity-documents-prod/edgar/filing/10-q/ue-Q324-10-Q.html'}, {'name': 'ue-FY24-10-K', 'url': 'https://storage.googleapis.com/reflexivity-documents-prod/edgar/filing/10-k/ue-FY24-10-K.html'}]",UR1
real estate,urban_real_estate,US7901481009,ST JOE CO/THE,51,"Desarrolla y gestiona una cartera diversa de activos inmobiliarios urbanos, contribuyendo al crecimiento y la revitalización de las comunidades.",,12170,USD,JOE,SMART,STK,True,,UR1
real estate,urban_real_estate,US29472R1086,EQUITY LIFESTYLE PROPERTIES,52,Participa en actividades dentro del sector inmobiliario urbano.,,9584,USD,ELS,SMART,STK,True,,UR1
real estate,urban_real_estate,US71844V2016,PHILLIPS EDISON & COMPANY IN,53,"Involucra la adquisición, el desarrollo y la gestión de propiedades comerciales que sirven como infraestructura esencial dentro de los mercados inmobiliarios urbanos.","El compromiso de PECO con el tema de Bienes Raíces Urbanos surge de su enfoque en centros comerciales de barrios, que generalmente se encuentran en áreas urbanas o suburbanas. La cartera de la empresa consta principalmente de estos centros, a menudo anclados por inquilinos principales del sector de comestibles, y operan en 31 estados. Un aspecto clave de la estrategia de PECO implica ubicaciones suburbanas situadas en mercados donde los principales supermercados son rentables, con datos demográficos favorables como una población promedio de 68,000 y un ingreso familiar medio de $92,000 dentro de un radio de 3 millas.",502056059,USD,PECO,SMART,STK,True,"[{'name': 'peco-FY24-10-K', 'url': 'https://storage.googleapis.com/reflexivity-documents-prod/edgar/filing/10-k/peco-FY24-10-K.html'}]",UR1
real estate,urban_real_estate,US45378A1060,INDEPENDENCE REALTY TRUST IN,54,"Se dedica a la propiedad, operación e inversión de bienes inmuebles ubicados en áreas urbanas.",,132629528,USD,IRT,SMART,STK,True,,UR1
real estate,urban_real_estate,US2527843013,DIAMONDROCK HOSPITALITY CO,55,Principalmente posee y opera hoteles ubicados en mercados inmobiliarios urbanos.,"El compromiso de la empresa con el sector inmobiliario urbano es evidente en su enfoque estratégico en propiedades de alojamiento dentro de los principales mercados urbanos, como lo demuestra su disciplina en la asignación de capital hacia propiedades de alta calidad con perspectivas de crecimiento superiores. La cartera de la empresa se concentra en estos principales mercados urbanos, con una parte significativa de sus hoteles operados bajo marcas propiedad de las principales empresas hoteleras mundiales. Además, una parte sustancial de las ganancias de la empresa proviene de estos hoteles urbanos, lo que resalta la importancia financiera del sector inmobiliario urbano para la empresa.",34532778,USD,DRH,SMART,STK,True,"[{'name': 'drh-Q324-10-Q', 'url': 'https://storage.googleapis.com/reflexivity-documents-prod/edgar/filing/10-q/drh-Q324-10-Q.html'}, {'name': 'drh-FY24-10-K', 'url': 'https://storage.googleapis.com/reflexivity-documents-prod/edgar/filing/10-k/drh-FY24-10-K.html'}]",UR1
real estate,urban_real_estate,US3927091013,GREEN BRICK PARTNERS INC,56,"Desarrolla y construye propiedades residenciales en ubicaciones urbanas y de relleno, contribuyendo al crecimiento y la densidad de las áreas metropolitanas.","El enfoque de la compañía en bienes raíces urbanos es evidente a través de su énfasis en ubicaciones de relleno y adyacentes a relleno, particularmente dentro de las 12 áreas metropolitanas más grandes del país. Esto se destaca aún más por sus operaciones en mercados de alto crecimiento como Dallas y Atlanta, donde la compañía cree que opera en algunos de los mercados de vivienda más deseables. La compañía atribuye su sólido desempeño a estas ubicaciones de relleno superiores donde experimenta una competencia limitada.",172103160,USD,GRBK,SMART,STK,True,"[{'name': 'grbk-FY24-10-K', 'url': 'https://storage.googleapis.com/reflexivity-documents-prod/edgar/filing/10-k/grbk-FY24-10-K.html'}]",UR1
real estate,urban_real_estate,US78377T1079,RYMAN HOSPITALITY PROPERTIES,57,Gestiona una cartera de propiedades hoteleras que son integrales al panorama inmobiliario urbano.,,113960787,USD,RHP,SMART,STK,True,,UR1
real estate,urban_real_estate,US25960P1093,DOUGLAS EMMETT INC,58,Se dedica a la propiedad y gestión de inmuebles situados en mercados inmobiliarios urbanos.,"La participación de la empresa en el tema de Bienes Raíces Urbanos es evidente a través de su enfoque en la propiedad y operación de propiedades de oficinas y multifamiliares en el Condado de Los Ángeles y Honolulu, ambas son importantes áreas urbanas. La empresa se concentra en vecindarios con restricciones de suministro, viviendas ejecutivas de alta gama y comodidades clave de estilo de vida. Como uno de los mayores propietarios y operadores en estas ubicaciones, el énfasis estratégico de la empresa en bienes raíces urbanos es un componente central de su modelo de negocio.",41235770,USD,DEI,SMART,STK,True,"[{'name': 'dei-FY24-10-K', 'url': 'https://storage.googleapis.com/reflexivity-documents-prod/edgar/filing/10-k/dei-FY24-10-K.html'}]",UR1
real estate,urban_real_estate,US46124J2015,INVENTRUST PROPERTIES CORP,59,Opera dentro del sector de bienes raíces urbanos.,"El compromiso de la empresa con el tema de Bienes Raíces Urbanos es evidente en su enfoque estratégico en mercados urbanos y suburbanos específicos como Asheville, Charleston, Charlotte, Nashville, Phoenix y Savannah, que exhiben un crecimiento saludable de población y empleo. Este enfoque se demuestra aún más por la decisión de la empresa de vender propiedades en California y reinvertir los ingresos en estos mercados de alto crecimiento del Sunbelt. Estos mercados comparten temas comunes como entornos empresariales y fiscales favorables y una alta calidad de vida impulsada por un costo de vida relativamente favorable, lo que sugiere un enfoque dirigido a oportunidades de inversión urbana.",506993765,USD,IVT,SMART,STK,False,,UR1
real estate,urban_real_estate,US3793782018,GLOBAL NET LEASE INC,60,Arrienda propiedades situadas en mercados inmobiliarios urbanos.,,265852072,USD,GNL,SMART,STK,True,,UR1
real estate,urban_real_estate,US03784Y2000,APPLE HOSPITALITY REIT INC,61,Implica la propiedad y operación de propiedades hoteleras dentro de los mercados inmobiliarios urbanos.,,194322803,USD,APLE,SMART,STK,True,,UR1
real estate,urban_real_estate,US5544891048,VERIS RESIDENTIAL INC,62,Se especializa en el desarrollo y la gestión de propiedades residenciales dentro del sector inmobiliario urbano.,"Veris Residential demuestra su compromiso con el tema de Bienes Raíces Urbanos a través de la propiedad y operación de propiedades residenciales en centros urbanos, particularmente en el Noreste, incluyendo la ciudad de Nueva York, Jersey City y Boston. El enfoque de la empresa en propiedades frente al mar en Jersey City, que se benefician de una menor desocupación y alquileres más altos, subraya este énfasis. Veris Residential consolidó la participación de su socio en el Urby de Jersey City por 38 millones de dólares y lo renombró a Sable, esperando sinergias operativas significativas a medida que el activo se integra en la plataforma Veris, demostrando aún más su compromiso con los activos urbanos.",5775,USD,VRE,SMART,STK,True,"[{'name': 'vre-Q324-10-Q', 'url': 'https://storage.googleapis.com/reflexivity-documents-prod/edgar/filing/10-q/vre-Q324-10-Q.html'}]",UR1
real estate,urban_real_estate,US0240131047,AMERICAN ASSETS TRUST INC,63,"Contribuye al tema de Bienes Raíces Urbanos a través de la propiedad, operación y desarrollo de una cartera diversificada de propiedades minoristas, de oficinas y residenciales en mercados urbanos y suburbanos.","El compromiso de la empresa con el tema de Bienes Raíces Urbanos es evidente en su estrategia comercial principal, que se enfoca en poseer, operar, adquirir y desarrollar propiedades en mercados con altas barreras de entrada, como el sur de California, el norte de California, Washington, Oregón, Texas y Hawái. Estos mercados son principalmente áreas metropolitanas, lo que indica un fuerte enfoque en bienes raíces urbanos. La empresa se dirige a propiedades de oficinas, minoristas, multifamiliares y de uso mixto de alta calidad dentro de estos centros urbanos.",82819360,USD,AAT,SMART,STK,True,"[{'name': 'aat-FY24-10-K', 'url': 'https://storage.googleapis.com/reflexivity-documents-prod/edgar/filing/10-k/aat-FY24-10-K.html'}]",UR1
real estate,urban_real_estate,US09257W1009,BLACKSTONE MORTGAGE TRU-CL A,64,Facilita el desarrollo y la adquisición de propiedades en entornos urbanos al proporcionar financiación hipotecaria esencial.,"El enfoque de Blackstone Mortgage Trust en originar y administrar préstamos senior garantizados por bienes raíces comerciales de alta calidad en los principales mercados de América del Norte, Europa y Australia impulsa su compromiso con el tema de Bienes Raíces Urbanos. La cartera de la empresa se compone principalmente de préstamos garantizados por activos institucionales en estos mercados principales, patrocinados por propietarios y operadores experimentados de inversiones inmobiliarias. Aunque las actividades de la empresa involucran significativamente bienes raíces urbanos, no se menciona un enfoque explícito o una cantidad de inversión específica.",127149807,USD,BXMT,SMART,STK,True,"[{'name': 'bxmt-Q324-10-Q', 'url': 'https://storage.googleapis.com/reflexivity-documents-prod/edgar/filing/10-q/bxmt-Q324-10-Q.html'}, {'name': 'bxmt-FY24-10-K', 'url': 'https://storage.googleapis.com/reflexivity-documents-prod/edgar/filing/10-k/bxmt-FY24-10-K.html'}]",UR1
real estate,urban_real_estate,US0147521092,ALEXANDER'S INC,65,Su negocio abarca el sector inmobiliario urbano.,,4382,USD,ALX,SMART,STK,False,,UR1
real estate,urban_real_estate,US03762U1051,APOLLO COMMERCIAL REAL ESTAT,66,"Implica la provisión de soluciones de financiación para propiedades inmobiliarias comerciales, que son fundamentales para el desarrollo urbano y el funcionamiento de los mercados inmobiliarios metropolitanos.","La cartera de préstamos de la empresa incluye propiedades en importantes áreas urbanas como Manhattan, Londres, Brooklyn, Chicago y Miami, lo que indica una inversión en bienes raíces urbanos. Esto está respaldado además por un préstamo de 'Predesarrollo Urbano' en Miami. La cartera de préstamos hipotecarios comerciales también incluye préstamos garantizados por propiedades en otras ubicaciones urbanas como Long Island City, Berlín y Milán.",69052095,USD,ARI,SMART,STK,True,"[{'name': 'ari-Q324-10-Q', 'url': 'https://storage.googleapis.com/reflexivity-documents-prod/edgar/filing/10-q/ari-Q324-10-Q.html'}, {'name': 'ari-FY24-10-K', 'url': 'https://storage.googleapis.com/reflexivity-documents-prod/edgar/filing/10-k/ari-FY24-10-K.html'}]",UR1
real estate,urban_real_estate,US9396531017,ELME COMMUNITIES,67,"Participa en la adquisición, desarrollo y gestión de propiedades dentro de entornos urbanos.","La compañía demuestra su compromiso con el tema de Bienes Raíces Urbanos a través de la propiedad de aproximadamente 9,400 viviendas residenciales en las regiones metropolitanas de Washington, DC y Atlanta. Adicionalmente, la compañía posee y opera aproximadamente 300,000 pies cuadrados de espacio comercial en la región metropolitana de Washington, DC. Estas propiedades en importantes áreas metropolitanas resaltan la presencia e inversión de la compañía en bienes raíces urbanos.",758160,USD,ELME,SMART,STK,True,"[{'name': 'elme-Q125-10-Q', 'url': 'https://storage.googleapis.com/reflexivity-documents-prod/edgar/filing/10-q/elme-Q125-10-Q.html'}, {'name': 'elme-Q324-10-Q', 'url': 'https://storage.googleapis.com/reflexivity-documents-prod/edgar/filing/10-q/elme-Q324-10-Q.html'}, {'name': 'elme-FY24-10-K', 'url': 'https://storage.googleapis.com/reflexivity-documents-prod/edgar/filing/10-k/elme-FY24-10-K.html'}]",UR1
real estate,urban_real_estate,US8754651060,TANGER INC,68,Posee y gestiona propiedades inmobiliarias comerciales que contribuyen al panorama comercial de las áreas urbanas.,,12187,USD,SKT,SMART,STK,True,,UR1
real estate,urban_real_estate,US0144911049,ALEXANDER & BALDWIN INC,69,"Contribuye al sector inmobiliario urbano a través de la propiedad, gestión y desarrollo de diversas propiedades comerciales e industriales.","La empresa demuestra su enfoque en el tema de Bienes Raíces Urbanos a través de su segmento de Bienes Raíces Comerciales, que incluye el diseño, desarrollo desde cero, reposicionamiento y remodelación de propiedades. Las clases de activos preferidas de la empresa incluyen propiedades mejoradas en espacios minoristas e industriales, y también arrendamientos de terrenos urbanos. La empresa especifica 'arrendamientos de terrenos urbanos' como una clase de activo preferida, lo que indica inversión en bienes raíces urbanos.",108670127,USD,ALEX,SMART,STK,True,"[{'name': 'alex-Q324-10-Q', 'url': 'https://storage.googleapis.com/reflexivity-documents-prod/edgar/filing/10-q/alex-Q324-10-Q.html'}, {'name': 'alex-FY24-10-K', 'url': 'https://storage.googleapis.com/reflexivity-documents-prod/edgar/filing/10-k/alex-FY24-10-K.html'}]",UR1
real estate,urban_real_estate,US57164Y1073,MARRIOTT VACATIONS WORLD,70,"Gestiona propiedades de propiedad vacacional, algunas de las cuales están situadas en mercados inmobiliarios urbanos.","La empresa demuestra su compromiso con el sector inmobiliario urbano a través de su City Collection, anteriormente ubicaciones Pulse, que atiende a propietarios interesados en explorar destinos urbanos como Nueva York, Boston, San Diego, Bangkok y Waikiki. Reforzando este enfoque, la empresa está desarrollando un nuevo Marriott Vacation Club en el centro de Nashville. Estas iniciativas reflejan el interés estratégico de la empresa en expandir su presencia y ofertas dentro de entornos urbanos.",96965587,USD,VAC,SMART,STK,True,,UR1
real estate,urban_real_estate,US3434121022,FLUOR CORP,71,"Implica actividades de ingeniería, adquisición y construcción relevantes para el desarrollo de infraestructura y servicios urbanos.","La participación de Fluor en el tema de Bienes Raíces Urbanos se demuestra a través de su segmento 'Soluciones Urbanas', que reportó ingresos significativos de $2,157 millones para el trimestre finalizado el 31 de marzo de 2025. Este segmento abarca varios proyectos, incluyendo ciencias de la vida, metales, minería y proyectos de carreteras, como el contrato de construcción para la Carretera Estatal 6 en Texas. El aumento de las ganancias del segmento durante el trimestre de 2025 se atribuyó a un aumento en las actividades de ejecución en ciencias de la vida y un gran proyecto de metales, junto con reducciones de costos por optimización de diseño en un proyecto de carreteras.",11218575,USD,FLR,SMART,STK,True,"[{'name': 'flr-Q125-10-Q', 'url': 'https://storage.googleapis.com/reflexivity-documents-prod/edgar/filing/10-q/flr-Q125-10-Q.html'}]",UR1
